employee_id,medical_plan,dental_plan,vision_plan,retirement_401k,employee_premium,employer_premium,dental_flag,vision_flag,retirement_401k_flag,total_monthly_benefits_cost,benefits_participation_score
E0001,Standard PPO,Yes,Yes,No,180,500,1,1,0,680,3
E0002,Standard PPO,No,Yes,Yes,180,500,0,1,1,680,3
E0003,Premium PPO,No,Yes,Yes,260,750,0,1,1,1010,3
E0004,Basic PPO,No,No,Yes,120,350,0,0,1,470,2
E0005,Standard PPO,No,Yes,Yes,180,500,0,1,1,680,3
E0006,Basic PPO,Yes,Yes,Yes,120,350,1,1,1,470,4
E0007,Basic PPO,Yes,Yes,Yes,120,350,1,1,1,470,4
E0008,Standard PPO,Yes,No,Yes,180,500,1,0,1,680,3
E0009,Premium PPO,Yes,Yes,No,260,750,1,1,0,1010,3
E0010,Standard PPO,Yes,Yes,No,180,500,1,1,0,680,3
E0011,Basic PPO,Yes,No,Yes,120,350,1,0,1,470,3
E0012,HDHP,No,Yes,Yes,90,300,0,1,1,390,3
E0013,Standard PPO,Yes,Yes,No,180,500,1,1,0,680,3
E0014,Standard PPO,Yes,Yes,Yes,180,500,1,1,1,680,4
E0015,Standard PPO,No,Yes,No,180,500,0,1,0,680,2
E0016,Premium PPO,Yes,Yes,Yes,260,750,1,1,1,1010,4
E0017,Standard PPO,Yes,Yes,Yes,180,500,1,1,1,680,4
E0018,Standard PPO,Yes,Yes,No,180,500,1,1,0,680,3
E0019,Standard PPO,Yes,No,Yes,180,500,1,0,1,680,3
E0020,Standard PPO,No,No,Yes,180,500,0,0,1,680,2
E0021,Standard PPO,Yes,No,Yes,180,500,1,0,1,680,3
E0022,Basic PPO,Yes,Yes,Yes,120,350,1,1,1,470,4
E0023,Basic PPO,Yes,Yes,No,120,350,1,1,0,470,3
E0024,Premium PPO,Yes,No,Yes,260,750,1,0,1,1010,3
E0025,Basic PPO,Yes,Yes,Yes,120,350,1,1,1,470,4
E0026,HDHP,Yes,Yes,Yes,90,300,1,1,1,390,4
E0027,Basic PPO,Yes,Yes,No,120,350,1,1,0,470,3
E0028,Basic PPO,Yes,No,Yes,120,350,1,0,1,470,3
E0029,Standard PPO,Yes,No,No,180,500,1,0,0,680,2
E0030,Basic PPO,No,Yes,No,120,350,0,1,0,470,2
E0031,Premium PPO,Yes,No,Yes,260,750,1,0,1,1010,3
E0032,Basic PPO,Yes,Yes,No,120,350,1,1,0,470,3
E0033,HDHP,Yes,Yes,Yes,90,300,1,1,1,390,4
E0034,Standard PPO,Yes,Yes,Yes,180,500,1,1,1,680,4
E0035,Premium PPO,Yes,Yes,Yes,260,750,1,1,1,1010,4
E0036,Premium PPO,Yes,No,Yes,260,750,1,0,1,1010,3
E0037,Standard PPO,Yes,No,Yes,180,500,1,0,1,680,3
E0038,Standard PPO,No,Yes,Yes,180,500,0,1,1,680,3
E0039,Standard PPO,Yes,Yes,Yes,180,500,1,1,1,680,4
E0040,Basic PPO,Yes,Yes,Yes,120,350,1,1,1,470,4
E0041,HDHP,Yes,No,No,90,300,1,0,0,390,2
E0042,Standard PPO,No,Yes,Yes,180,500,0,1,1,680,3
E0043,Premium PPO,No,Yes,No,260,750,0,1,0,1010,2
E0044,Basic PPO,Yes,Yes,Yes,120,350,1,1,1,470,4
E0045,Standard PPO,Yes,No,Yes,180,500,1,0,1,680,3
E0046,Basic PPO,Yes,Yes,Yes,120,350,1,1,1,470,4
E0047,Premium PPO,No,No,Yes,260,750,0,0,1,1010,2
E0048,Premium PPO,Yes,Yes,No,260,750,1,1,0,1010,3
E0049,Basic PPO,Yes,No,Yes,120,350,1,0,1,470,3
E0050,Standard PPO,No,No,Yes,180,500,0,0,1,680,2
E0051,Standard PPO,Yes,Yes,No,180,500,1,1,0,680,3
E0052,Premium PPO,No,No,Yes,260,750,0,0,1,1010,2
E0053,Premium PPO,No,Yes,Yes,260,750,0,1,1,1010,3
E0054,Standard PPO,Yes,Yes,Yes,180,500,1,1,1,680,4
E0055,Standard PPO,Yes,No,No,180,500,1,0,0,680,2
E0056,Basic PPO,No,No,No,120,350,0,0,0,470,1
E0057,Basic PPO,No,No,Yes,120,350,0,0,1,470,2
E0058,HDHP,Yes,Yes,No,90,300,1,1,0,390,3
E0059,Standard PPO,Yes,Yes,Yes,180,500,1,1,1,680,4
E0060,Premium PPO,No,Yes,Yes,260,750,0,1,1,1010,3
E0061,Standard PPO,Yes,Yes,Yes,180,500,1,1,1,680,4
E0062,HDHP,Yes,Yes,No,90,300,1,1,0,390,3
E0063,HDHP,Yes,Yes,No,90,300,1,1,0,390,3
E0064,HDHP,Yes,Yes,Yes,90,300,1,1,1,390,4
E0065,Premium PPO,No,Yes,Yes,260,750,0,1,1,1010,3
E0066,Premium PPO,Yes,Yes,No,260,750,1,1,0,1010,3
E0067,Basic PPO,Yes,Yes,Yes,120,350,1,1,1,470,4
E0068,Basic PPO,Yes,No,Yes,120,350,1,0,1,470,3
E0069,HDHP,Yes,No,No,90,300,1,0,0,390,2
E0070,Basic PPO,No,Yes,No,120,350,0,1,0,470,2
E0071,Premium PPO,Yes,No,Yes,260,750,1,0,1,1010,3
E0072,Premium PPO,Yes,Yes,Yes,260,750,1,1,1,1010,4
E0073,Premium PPO,No,Yes,Yes,260,750,0,1,1,1010,3
E0074,Basic PPO,No,No,Yes,120,350,0,0,1,470,2
E0075,Standard PPO,No,Yes,No,180,500,0,1,0,680,2
E0076,Basic PPO,No,Yes,Yes,120,350,0,1,1,470,3
E0077,Standard PPO,No,Yes,Yes,180,500,0,1,1,680,3
E0078,Premium PPO,Yes,No,Yes,260,750,1,0,1,1010,3
E0079,Basic PPO,Yes,Yes,Yes,120,350,1,1,1,470,4
E0080,Standard PPO,No,Yes,Yes,180,500,0,1,1,680,3
E0081,HDHP,Yes,Yes,No,90,300,1,1,0,390,3
E0082,Premium PPO,No,No,Yes,260,750,0,0,1,1010,2
E0083,Premium PPO,Yes,Yes,Yes,260,750,1,1,1,1010,4
E0084,Basic PPO,Yes,Yes,Yes,120,350,1,1,1,470,4
E0085,Premium PPO,No,Yes,Yes,260,750,0,1,1,1010,3
E0086,Basic PPO,Yes,No,Yes,120,350,1,0,1,470,3
E0087,Premium PPO,Yes,No,No,260,750,1,0,0,1010,2
E0088,Premium PPO,Yes,No,No,260,750,1,0,0,1010,2
E0089,HDHP,Yes,Yes,Yes,90,300,1,1,1,390,4
E0090,HDHP,No,Yes,No,90,300,0,1,0,390,2
E0091,Premium PPO,Yes,Yes,Yes,260,750,1,1,1,1010,4
E0092,HDHP,Yes,No,Yes,90,300,1,0,1,390,3
E0093,Premium PPO,Yes,Yes,No,260,750,1,1,0,1010,3
E0094,Standard PPO,Yes,No,Yes,180,500,1,0,1,680,3
E0095,Standard PPO,Yes,No,No,180,500,1,0,0,680,2
E0096,Basic PPO,No,Yes,Yes,120,350,0,1,1,470,3
E0097,Premium PPO,Yes,Yes,Yes,260,750,1,1,1,1010,4
E0098,HDHP,No,Yes,Yes,90,300,0,1,1,390,3
E0099,Standard PPO,Yes,No,No,180,500,1,0,0,680,2
E0100,HDHP,Yes,Yes,Yes,90,300,1,1,1,390,4
E0101,Standard PPO,No,Yes,Yes,180,500,0,1,1,680,3
E0102,Standard PPO,Yes,Yes,Yes,180,500,1,1,1,680,4
E0103,Premium PPO,Yes,No,Yes,260,750,1,0,1,1010,3
E0104,Basic PPO,No,Yes,Yes,120,350,0,1,1,470,3
E0105,Standard PPO,Yes,Yes,No,180,500,1,1,0,680,3
E0106,Standard PPO,Yes,Yes,No,180,500,1,1,0,680,3
E0107,Basic PPO,Yes,Yes,Yes,120,350,1,1,1,470,4
E0108,Standard PPO,Yes,Yes,No,180,500,1,1,0,680,3
E0109,Standard PPO,Yes,Yes,No,180,500,1,1,0,680,3
E0110,HDHP,No,No,No,90,300,0,0,0,390,1
E0111,Premium PPO,No,No,Yes,260,750,0,0,1,1010,2
E0112,Standard PPO,Yes,Yes,Yes,180,500,1,1,1,680,4
E0113,Basic PPO,Yes,Yes,Yes,120,350,1,1,1,470,4
E0114,HDHP,No,No,No,90,300,0,0,0,390,1
E0115,Premium PPO,Yes,Yes,Yes,260,750,1,1,1,1010,4
E0116,Premium PPO,Yes,Yes,Yes,260,750,1,1,1,1010,4
E0117,Basic PPO,Yes,No,Yes,120,350,1,0,1,470,3
E0118,Standard PPO,Yes,Yes,Yes,180,500,1,1,1,680,4
E0119,Basic PPO,No,No,Yes,120,350,0,0,1,470,2
E0120,Premium PPO,Yes,No,No,260,750,1,0,0,1010,2
E0121,Standard PPO,Yes,Yes,No,180,500,1,1,0,680,3
E0122,Standard PPO,Yes,Yes,Yes,180,500,1,1,1,680,4
E0123,Premium PPO,No,Yes,Yes,260,750,0,1,1,1010,3
E0124,Basic PPO,Yes,Yes,No,120,350,1,1,0,470,3
E0125,Standard PPO,Yes,No,No,180,500,1,0,0,680,2
E0126,Basic PPO,Yes,Yes,Yes,120,350,1,1,1,470,4
E0127,Premium PPO,No,Yes,Yes,260,750,0,1,1,1010,3
E0128,Basic PPO,Yes,Yes,No,120,350,1,1,0,470,3
E0129,Standard PPO,No,No,No,180,500,0,0,0,680,1
E0130,Premium PPO,Yes,No,Yes,260,750,1,0,1,1010,3
E0131,HDHP,No,No,No,90,300,0,0,0,390,1
E0132,Standard PPO,No,Yes,Yes,180,500,0,1,1,680,3
E0133,Premium PPO,Yes,Yes,No,260,750,1,1,0,1010,3
E0134,Basic PPO,Yes,Yes,No,120,350,1,1,0,470,3
E0135,Premium PPO,Yes,Yes,No,260,750,1,1,0,1010,3
E0136,Standard PPO,Yes,Yes,No,180,500,1,1,0,680,3
E0137,Standard PPO,Yes,Yes,Yes,180,500,1,1,1,680,4
E0138,Standard PPO,Yes,No,No,180,500,1,0,0,680,2
E0139,Basic PPO,Yes,Yes,Yes,120,350,1,1,1,470,4
E0140,Standard PPO,Yes,Yes,Yes,180,500,1,1,1,680,4
E0141,Premium PPO,No,No,No,260,750,0,0,0,1010,1
E0142,Basic PPO,Yes,Yes,Yes,120,350,1,1,1,470,4
E0143,Standard PPO,No,Yes,No,180,500,0,1,0,680,2
E0144,Basic PPO,Yes,Yes,Yes,120,350,1,1,1,470,4
E0145,HDHP,Yes,No,No,90,300,1,0,0,390,2
E0146,Premium PPO,No,Yes,No,260,750,0,1,0,1010,2
E0147,Premium PPO,Yes,Yes,Yes,260,750,1,1,1,1010,4
E0148,Premium PPO,Yes,Yes,Yes,260,750,1,1,1,1010,4
E0149,Basic PPO,Yes,Yes,Yes,120,350,1,1,1,470,4
E0150,Standard PPO,Yes,Yes,No,180,500,1,1,0,680,3
E0151,Basic PPO,Yes,Yes,No,120,350,1,1,0,470,3
E0152,Standard PPO,Yes,Yes,Yes,180,500,1,1,1,680,4
E0153,HDHP,No,No,Yes,90,300,0,0,1,390,2
E0154,Standard PPO,Yes,Yes,Yes,180,500,1,1,1,680,4
E0155,Basic PPO,Yes,Yes,No,120,350,1,1,0,470,3
E0156,Basic PPO,No,Yes,Yes,120,350,0,1,1,470,3
E0157,Premium PPO,Yes,Yes,Yes,260,750,1,1,1,1010,4
E0158,Standard PPO,Yes,Yes,Yes,180,500,1,1,1,680,4
E0159,Standard PPO,Yes,No,No,180,500,1,0,0,680,2
E0160,Premium PPO,Yes,No,Yes,260,750,1,0,1,1010,3
E0161,Premium PPO,Yes,No,Yes,260,750,1,0,1,1010,3
E0162,Basic PPO,Yes,No,Yes,120,350,1,0,1,470,3
E0163,Basic PPO,Yes,Yes,Yes,120,350,1,1,1,470,4
E0164,Standard PPO,No,Yes,Yes,180,500,0,1,1,680,3
E0165,Standard PPO,Yes,No,Yes,180,500,1,0,1,680,3
E0166,Standard PPO,Yes,No,Yes,180,500,1,0,1,680,3
E0167,Standard PPO,Yes,No,Yes,180,500,1,0,1,680,3
E0168,Basic PPO,Yes,No,Yes,120,350,1,0,1,470,3
E0169,Standard PPO,Yes,No,Yes,180,500,1,0,1,680,3
E0170,Premium PPO,No,Yes,Yes,260,750,0,1,1,1010,3
E0171,Standard PPO,Yes,Yes,No,180,500,1,1,0,680,3
E0172,Standard PPO,Yes,No,Yes,180,500,1,0,1,680,3
E0173,Standard PPO,Yes,Yes,Yes,180,500,1,1,1,680,4
E0174,Basic PPO,Yes,No,Yes,120,350,1,0,1,470,3
E0175,Standard PPO,Yes,No,Yes,180,500,1,0,1,680,3
E0176,Premium PPO,Yes,Yes,Yes,260,750,1,1,1,1010,4
E0177,Basic PPO,No,No,Yes,120,350,0,0,1,470,2
E0178,Standard PPO,Yes,Yes,Yes,180,500,1,1,1,680,4
E0179,Standard PPO,Yes,Yes,Yes,180,500,1,1,1,680,4
E0180,Basic PPO,Yes,Yes,Yes,120,350,1,1,1,470,4
E0181,Basic PPO,Yes,Yes,No,120,350,1,1,0,470,3
E0182,Basic PPO,No,No,No,120,350,0,0,0,470,1
E0183,Premium PPO,Yes,No,No,260,750,1,0,0,1010,2
E0184,Standard PPO,No,Yes,Yes,180,500,0,1,1,680,3
E0185,Premium PPO,No,Yes,Yes,260,750,0,1,1,1010,3
E0186,Standard PPO,Yes,Yes,No,180,500,1,1,0,680,3
E0187,Standard PPO,Yes,No,Yes,180,500,1,0,1,680,3
E0188,Premium PPO,No,Yes,No,260,750,0,1,0,1010,2
E0189,Standard PPO,Yes,Yes,No,180,500,1,1,0,680,3
E0190,Premium PPO,Yes,Yes,No,260,750,1,1,0,1010,3
E0191,Standard PPO,Yes,No,Yes,180,500,1,0,1,680,3
E0192,Basic PPO,Yes,Yes,No,120,350,1,1,0,470,3
E0193,Standard PPO,Yes,Yes,Yes,180,500,1,1,1,680,4
E0194,Premium PPO,No,No,No,260,750,0,0,0,1010,1
E0195,HDHP,Yes,Yes,Yes,90,300,1,1,1,390,4
E0196,HDHP,Yes,Yes,No,90,300,1,1,0,390,3
E0197,Premium PPO,Yes,Yes,Yes,260,750,1,1,1,1010,4
E0198,Standard PPO,Yes,Yes,Yes,180,500,1,1,1,680,4
E0199,Basic PPO,No,No,Yes,120,350,0,0,1,470,2
E0200,Basic PPO,No,Yes,Yes,120,350,0,1,1,470,3
E0201,Basic PPO,Yes,No,Yes,120,350,1,0,1,470,3
E0202,HDHP,No,Yes,No,90,300,0,1,0,390,2
E0203,HDHP,No,Yes,Yes,90,300,0,1,1,390,3
E0204,Basic PPO,Yes,No,No,120,350,1,0,0,470,2
E0205,Premium PPO,No,Yes,Yes,260,750,0,1,1,1010,3
E0206,Premium PPO,Yes,No,Yes,260,750,1,0,1,1010,3
E0207,Standard PPO,Yes,Yes,No,180,500,1,1,0,680,3
E0208,Standard PPO,Yes,No,No,180,500,1,0,0,680,2
E0209,Premium PPO,No,Yes,No,260,750,0,1,0,1010,2
E0210,HDHP,Yes,Yes,No,90,300,1,1,0,390,3
E0211,Standard PPO,No,Yes,No,180,500,0,1,0,680,2
E0212,Premium PPO,No,No,Yes,260,750,0,0,1,1010,2
E0213,Standard PPO,Yes,Yes,Yes,180,500,1,1,1,680,4
E0214,Standard PPO,Yes,Yes,No,180,500,1,1,0,680,3
E0215,Standard PPO,Yes,No,No,180,500,1,0,0,680,2
E0216,Standard PPO,Yes,Yes,No,180,500,1,1,0,680,3
E0217,Basic PPO,Yes,Yes,Yes,120,350,1,1,1,470,4
E0218,Standard PPO,Yes,Yes,Yes,180,500,1,1,1,680,4
E0219,Premium PPO,Yes,Yes,No,260,750,1,1,0,1010,3
E0220,Basic PPO,Yes,No,Yes,120,350,1,0,1,470,3
E0221,HDHP,Yes,Yes,Yes,90,300,1,1,1,390,4
E0222,Standard PPO,No,Yes,No,180,500,0,1,0,680,2
E0223,HDHP,Yes,Yes,Yes,90,300,1,1,1,390,4
E0224,Standard PPO,Yes,Yes,Yes,180,500,1,1,1,680,4
E0225,Standard PPO,No,Yes,Yes,180,500,0,1,1,680,3
E0226,Basic PPO,Yes,Yes,No,120,350,1,1,0,470,3
E0227,Standard PPO,No,Yes,Yes,180,500,0,1,1,680,3
E0228,Premium PPO,Yes,Yes,Yes,260,750,1,1,1,1010,4
E0229,Basic PPO,Yes,Yes,Yes,120,350,1,1,1,470,4
E0230,Premium PPO,No,Yes,Yes,260,750,0,1,1,1010,3
E0231,Standard PPO,Yes,No,No,180,500,1,0,0,680,2
E0232,Standard PPO,Yes,No,No,180,500,1,0,0,680,2
E0233,Standard PPO,Yes,Yes,Yes,180,500,1,1,1,680,4
E0234,Standard PPO,Yes,Yes,No,180,500,1,1,0,680,3
E0235,Standard PPO,No,Yes,No,180,500,0,1,0,680,2
E0236,Basic PPO,Yes,Yes,No,120,350,1,1,0,470,3
E0237,Standard PPO,Yes,Yes,Yes,180,500,1,1,1,680,4
E0238,Standard PPO,Yes,No,Yes,180,500,1,0,1,680,3
E0239,Basic PPO,Yes,Yes,Yes,120,350,1,1,1,470,4
E0240,Basic PPO,Yes,No,Yes,120,350,1,0,1,470,3
E0241,Premium PPO,Yes,No,Yes,260,750,1,0,1,1010,3
E0242,Basic PPO,No,Yes,Yes,120,350,0,1,1,470,3
E0243,HDHP,Yes,Yes,No,90,300,1,1,0,390,3
E0244,Premium PPO,Yes,Yes,Yes,260,750,1,1,1,1010,4
E0245,HDHP,Yes,Yes,No,90,300,1,1,0,390,3
E0246,Standard PPO,No,Yes,Yes,180,500,0,1,1,680,3
E0247,Standard PPO,Yes,No,No,180,500,1,0,0,680,2
E0248,Basic PPO,Yes,Yes,Yes,120,350,1,1,1,470,4
E0249,Premium PPO,Yes,No,Yes,260,750,1,0,1,1010,3
E0250,Standard PPO,Yes,No,Yes,180,500,1,0,1,680,3
E0251,Basic PPO,Yes,Yes,Yes,120,350,1,1,1,470,4
E0252,Standard PPO,No,Yes,Yes,180,500,0,1,1,680,3
E0253,Standard PPO,Yes,No,Yes,180,500,1,0,1,680,3
E0254,Basic PPO,No,Yes,Yes,120,350,0,1,1,470,3
E0255,HDHP,Yes,Yes,No,90,300,1,1,0,390,3
E0256,Standard PPO,Yes,No,No,180,500,1,0,0,680,2
E0257,Standard PPO,Yes,Yes,Yes,180,500,1,1,1,680,4
E0258,Standard PPO,Yes,No,Yes,180,500,1,0,1,680,3
E0259,Basic PPO,Yes,Yes,Yes,120,350,1,1,1,470,4
E0260,Basic PPO,No,No,No,120,350,0,0,0,470,1
E0261,Standard PPO,Yes,Yes,Yes,180,500,1,1,1,680,4
E0262,Premium PPO,Yes,Yes,No,260,750,1,1,0,1010,3
E0263,Basic PPO,Yes,Yes,No,120,350,1,1,0,470,3
E0264,Premium PPO,Yes,No,No,260,750,1,0,0,1010,2
E0265,Premium PPO,No,Yes,Yes,260,750,0,1,1,1010,3
E0266,Standard PPO,Yes,No,Yes,180,500,1,0,1,680,3
E0267,Standard PPO,Yes,Yes,Yes,180,500,1,1,1,680,4
E0268,Basic PPO,Yes,Yes,Yes,120,350,1,1,1,470,4
E0269,Basic PPO,Yes,No,Yes,120,350,1,0,1,470,3
E0270,Premium PPO,Yes,No,No,260,750,1,0,0,1010,2
E0271,Basic PPO,No,Yes,No,120,350,0,1,0,470,2
E0272,Standard PPO,Yes,No,Yes,180,500,1,0,1,680,3
E0273,Standard PPO,Yes,Yes,No,180,500,1,1,0,680,3
E0274,Premium PPO,Yes,No,Yes,260,750,1,0,1,1010,3
E0275,Premium PPO,Yes,Yes,Yes,260,750,1,1,1,1010,4
E0276,Standard PPO,Yes,No,Yes,180,500,1,0,1,680,3
E0277,Standard PPO,Yes,No,Yes,180,500,1,0,1,680,3
E0278,Premium PPO,Yes,Yes,Yes,260,750,1,1,1,1010,4
E0279,Standard PPO,Yes,Yes,Yes,180,500,1,1,1,680,4
E0280,Standard PPO,No,Yes,Yes,180,500,0,1,1,680,3
E0281,Basic PPO,Yes,Yes,Yes,120,350,1,1,1,470,4
E0282,Premium PPO,Yes,No,Yes,260,750,1,0,1,1010,3
E0283,Premium PPO,Yes,Yes,Yes,260,750,1,1,1,1010,4
E0284,Standard PPO,Yes,No,No,180,500,1,0,0,680,2
E0285,HDHP,Yes,Yes,No,90,300,1,1,0,390,3
E0286,Standard PPO,Yes,Yes,Yes,180,500,1,1,1,680,4
E0287,Standard PPO,Yes,Yes,Yes,180,500,1,1,1,680,4
E0288,Basic PPO,Yes,Yes,Yes,120,350,1,1,1,470,4
E0289,Basic PPO,Yes,No,Yes,120,350,1,0,1,470,3
E0290,Standard PPO,Yes,Yes,Yes,180,500,1,1,1,680,4
E0291,Premium PPO,Yes,Yes,No,260,750,1,1,0,1010,3
E0292,HDHP,Yes,Yes,Yes,90,300,1,1,1,390,4
E0293,Premium PPO,No,No,Yes,260,750,0,0,1,1010,2
E0294,Standard PPO,Yes,Yes,Yes,180,500,1,1,1,680,4
E0295,Premium PPO,Yes,Yes,Yes,260,750,1,1,1,1010,4
E0296,HDHP,Yes,Yes,No,90,300,1,1,0,390,3
E0297,Standard PPO,Yes,No,Yes,180,500,1,0,1,680,3
E0298,Premium PPO,Yes,Yes,Yes,260,750,1,1,1,1010,4
E0299,Standard PPO,Yes,No,No,180,500,1,0,0,680,2
E0300,Premium PPO,Yes,No,Yes,260,750,1,0,1,1010,3
E0301,HDHP,Yes,Yes,Yes,90,300,1,1,1,390,4
E0302,Standard PPO,Yes,Yes,No,180,500,1,1,0,680,3
E0303,Standard PPO,Yes,Yes,Yes,180,500,1,1,1,680,4
E0304,Standard PPO,Yes,Yes,Yes,180,500,1,1,1,680,4
E0305,HDHP,Yes,No,No,90,300,1,0,0,390,2
E0306,Standard PPO,Yes,Yes,No,180,500,1,1,0,680,3
E0307,Standard PPO,Yes,Yes,Yes,180,500,1,1,1,680,4
E0308,Standard PPO,Yes,Yes,Yes,180,500,1,1,1,680,4
E0309,Standard PPO,No,No,No,180,500,0,0,0,680,1
E0310,Standard PPO,No,Yes,Yes,180,500,0,1,1,680,3
E0311,Basic PPO,No,Yes,Yes,120,350,0,1,1,470,3
E0312,Basic PPO,Yes,No,No,120,350,1,0,0,470,2
E0313,Premium PPO,Yes,Yes,Yes,260,750,1,1,1,1010,4
E0314,Standard PPO,Yes,Yes,Yes,180,500,1,1,1,680,4
E0315,HDHP,No,Yes,Yes,90,300,0,1,1,390,3
E0316,Standard PPO,Yes,No,Yes,180,500,1,0,1,680,3
E0317,Standard PPO,Yes,No,Yes,180,500,1,0,1,680,3
E0318,Premium PPO,Yes,Yes,Yes,260,750,1,1,1,1010,4
E0319,Premium PPO,Yes,Yes,Yes,260,750,1,1,1,1010,4
E0320,Standard PPO,No,Yes,Yes,180,500,0,1,1,680,3
E0321,Standard PPO,Yes,Yes,Yes,180,500,1,1,1,680,4
E0322,Basic PPO,Yes,Yes,No,120,350,1,1,0,470,3
E0323,Basic PPO,No,Yes,No,120,350,0,1,0,470,2
E0324,Standard PPO,Yes,Yes,Yes,180,500,1,1,1,680,4
E0325,Premium PPO,Yes,Yes,Yes,260,750,1,1,1,1010,4
E0326,Standard PPO,Yes,Yes,No,180,500,1,1,0,680,3
E0327,Premium PPO,Yes,Yes,Yes,260,750,1,1,1,1010,4
E0328,Basic PPO,Yes,Yes,Yes,120,350,1,1,1,470,4
E0329,HDHP,Yes,Yes,Yes,90,300,1,1,1,390,4
E0330,HDHP,Yes,Yes,No,90,300,1,1,0,390,3
E0331,Premium PPO,Yes,No,Yes,260,750,1,0,1,1010,3
E0332,Basic PPO,Yes,Yes,Yes,120,350,1,1,1,470,4
E0333,Premium PPO,No,Yes,No,260,750,0,1,0,1010,2
E0334,Standard PPO,Yes,Yes,Yes,180,500,1,1,1,680,4
E0335,Basic PPO,No,Yes,Yes,120,350,0,1,1,470,3
E0336,HDHP,No,Yes,Yes,90,300,0,1,1,390,3
E0337,Basic PPO,Yes,No,No,120,350,1,0,0,470,2
E0338,Basic PPO,No,Yes,No,120,350,0,1,0,470,2
E0339,Basic PPO,Yes,Yes,No,120,350,1,1,0,470,3
E0340,Standard PPO,No,No,Yes,180,500,0,0,1,680,2
E0341,Premium PPO,Yes,Yes,No,260,750,1,1,0,1010,3
E0342,Standard PPO,No,Yes,Yes,180,500,0,1,1,680,3
E0343,HDHP,Yes,No,Yes,90,300,1,0,1,390,3
E0344,Basic PPO,Yes,Yes,No,120,350,1,1,0,470,3
E0345,Standard PPO,Yes,No,No,180,500,1,0,0,680,2
E0346,Premium PPO,Yes,No,Yes,260,750,1,0,1,1010,3
E0347,Standard PPO,Yes,Yes,No,180,500,1,1,0,680,3
E0348,HDHP,Yes,Yes,Yes,90,300,1,1,1,390,4
E0349,Basic PPO,Yes,Yes,No,120,350,1,1,0,470,3
E0350,Premium PPO,Yes,Yes,Yes,260,750,1,1,1,1010,4
E0351,Standard PPO,Yes,Yes,No,180,500,1,1,0,680,3
E0352,Basic PPO,Yes,Yes,No,120,350,1,1,0,470,3
E0353,Standard PPO,Yes,Yes,Yes,180,500,1,1,1,680,4
E0354,HDHP,Yes,Yes,No,90,300,1,1,0,390,3
E0355,Standard PPO,Yes,Yes,No,180,500,1,1,0,680,3
E0356,HDHP,No,Yes,No,90,300,0,1,0,390,2
E0357,Standard PPO,No,Yes,Yes,180,500,0,1,1,680,3
E0358,Premium PPO,Yes,Yes,Yes,260,750,1,1,1,1010,4
E0359,Premium PPO,Yes,No,Yes,260,750,1,0,1,1010,3
E0360,Premium PPO,Yes,Yes,Yes,260,750,1,1,1,1010,4
E0361,HDHP,Yes,No,No,90,300,1,0,0,390,2
E0362,Standard PPO,No,Yes,Yes,180,500,0,1,1,680,3
E0363,Standard PPO,Yes,Yes,Yes,180,500,1,1,1,680,4
E0364,Standard PPO,Yes,Yes,Yes,180,500,1,1,1,680,4
E0365,Basic PPO,Yes,Yes,Yes,120,350,1,1,1,470,4
E0366,Standard PPO,Yes,No,Yes,180,500,1,0,1,680,3
E0367,Basic PPO,No,Yes,Yes,120,350,0,1,1,470,3
E0368,Standard PPO,Yes,No,Yes,180,500,1,0,1,680,3
E0369,Standard PPO,Yes,No,No,180,500,1,0,0,680,2
E0370,Premium PPO,Yes,No,Yes,260,750,1,0,1,1010,3
E0371,Basic PPO,Yes,Yes,Yes,120,350,1,1,1,470,4
E0372,Standard PPO,No,Yes,Yes,180,500,0,1,1,680,3
E0373,Standard PPO,No,No,No,180,500,0,0,0,680,1
E0374,Premium PPO,Yes,Yes,Yes,260,750,1,1,1,1010,4
E0375,Standard PPO,No,Yes,No,180,500,0,1,0,680,2
E0376,Basic PPO,Yes,Yes,Yes,120,350,1,1,1,470,4
E0377,Premium PPO,No,Yes,No,260,750,0,1,0,1010,2
E0378,Premium PPO,No,Yes,Yes,260,750,0,1,1,1010,3
E0379,Basic PPO,Yes,Yes,No,120,350,1,1,0,470,3
E0380,Standard PPO,Yes,No,Yes,180,500,1,0,1,680,3
E0381,HDHP,Yes,No,Yes,90,300,1,0,1,390,3
E0382,Premium PPO,Yes,Yes,Yes,260,750,1,1,1,1010,4
E0383,HDHP,Yes,No,No,90,300,1,0,0,390,2
E0384,Premium PPO,No,Yes,No,260,750,0,1,0,1010,2
E0385,Premium PPO,Yes,No,Yes,260,750,1,0,1,1010,3
E0386,Premium PPO,No,No,Yes,260,750,0,0,1,1010,2
E0387,Standard PPO,Yes,Yes,Yes,180,500,1,1,1,680,4
E0388,Premium PPO,No,Yes,Yes,260,750,0,1,1,1010,3
E0389,Standard PPO,Yes,Yes,Yes,180,500,1,1,1,680,4
E0390,Standard PPO,Yes,Yes,Yes,180,500,1,1,1,680,4
E0391,Premium PPO,No,Yes,Yes,260,750,0,1,1,1010,3
E0392,Basic PPO,Yes,No,No,120,350,1,0,0,470,2
E0393,Basic PPO,No,Yes,No,120,350,0,1,0,470,2
E0394,Standard PPO,Yes,Yes,Yes,180,500,1,1,1,680,4
E0395,Premium PPO,No,No,Yes,260,750,0,0,1,1010,2
E0396,Premium PPO,Yes,No,Yes,260,750,1,0,1,1010,3
E0397,Premium PPO,Yes,Yes,No,260,750,1,1,0,1010,3
E0398,Premium PPO,Yes,Yes,Yes,260,750,1,1,1,1010,4
E0399,HDHP,Yes,Yes,Yes,90,300,1,1,1,390,4
E0400,Basic PPO,Yes,Yes,Yes,120,350,1,1,1,470,4
E0401,Standard PPO,Yes,Yes,Yes,180,500,1,1,1,680,4
E0402,Standard PPO,No,Yes,Yes,180,500,0,1,1,680,3
E0403,HDHP,Yes,No,Yes,90,300,1,0,1,390,3
E0404,Premium PPO,Yes,No,No,260,750,1,0,0,1010,2
E0405,Basic PPO,Yes,Yes,Yes,120,350,1,1,1,470,4
E0406,Basic PPO,Yes,No,No,120,350,1,0,0,470,2
E0407,Premium PPO,Yes,No,No,260,750,1,0,0,1010,2
E0408,Standard PPO,Yes,Yes,Yes,180,500,1,1,1,680,4
E0409,Basic PPO,Yes,Yes,No,120,350,1,1,0,470,3
E0410,Basic PPO,Yes,No,Yes,120,350,1,0,1,470,3
E0411,Premium PPO,Yes,Yes,No,260,750,1,1,0,1010,3
E0412,Basic PPO,Yes,Yes,Yes,120,350,1,1,1,470,4
E0413,Premium PPO,No,Yes,Yes,260,750,0,1,1,1010,3
E0414,Basic PPO,No,Yes,Yes,120,350,0,1,1,470,3
E0415,Premium PPO,Yes,Yes,Yes,260,750,1,1,1,1010,4
E0416,HDHP,Yes,Yes,Yes,90,300,1,1,1,390,4
E0417,Basic PPO,Yes,Yes,Yes,120,350,1,1,1,470,4
E0418,Standard PPO,No,No,No,180,500,0,0,0,680,1
E0419,HDHP,No,Yes,No,90,300,0,1,0,390,2
E0420,Standard PPO,Yes,No,Yes,180,500,1,0,1,680,3
E0421,Standard PPO,No,Yes,Yes,180,500,0,1,1,680,3
E0422,Basic PPO,Yes,No,No,120,350,1,0,0,470,2
E0423,Standard PPO,Yes,No,No,180,500,1,0,0,680,2
E0424,Standard PPO,Yes,Yes,Yes,180,500,1,1,1,680,4
E0425,Standard PPO,Yes,Yes,Yes,180,500,1,1,1,680,4
E0426,Standard PPO,No,Yes,Yes,180,500,0,1,1,680,3
E0427,Standard PPO,No,No,Yes,180,500,0,0,1,680,2
E0428,Basic PPO,Yes,Yes,No,120,350,1,1,0,470,3
E0429,Standard PPO,No,Yes,Yes,180,500,0,1,1,680,3
E0430,Premium PPO,Yes,Yes,No,260,750,1,1,0,1010,3
E0431,HDHP,Yes,Yes,Yes,90,300,1,1,1,390,4
E0432,Standard PPO,No,No,No,180,500,0,0,0,680,1
E0433,Premium PPO,Yes,Yes,Yes,260,750,1,1,1,1010,4
E0434,Premium PPO,Yes,Yes,Yes,260,750,1,1,1,1010,4
E0435,Standard PPO,Yes,Yes,Yes,180,500,1,1,1,680,4
E0436,Standard PPO,Yes,Yes,Yes,180,500,1,1,1,680,4
E0437,Premium PPO,Yes,Yes,Yes,260,750,1,1,1,1010,4
E0438,Basic PPO,Yes,Yes,Yes,120,350,1,1,1,470,4
E0439,Standard PPO,No,Yes,Yes,180,500,0,1,1,680,3
E0440,Basic PPO,Yes,Yes,Yes,120,350,1,1,1,470,4
E0441,Standard PPO,Yes,Yes,Yes,180,500,1,1,1,680,4
E0442,Basic PPO,Yes,Yes,Yes,120,350,1,1,1,470,4
E0443,Premium PPO,Yes,Yes,Yes,260,750,1,1,1,1010,4
E0444,Standard PPO,Yes,No,Yes,180,500,1,0,1,680,3
E0445,Standard PPO,No,Yes,Yes,180,500,0,1,1,680,3
E0446,Basic PPO,Yes,Yes,No,120,350,1,1,0,470,3
E0447,Premium PPO,No,Yes,Yes,260,750,0,1,1,1010,3
E0448,Standard PPO,No,Yes,No,180,500,0,1,0,680,2
E0449,Standard PPO,Yes,Yes,Yes,180,500,1,1,1,680,4
E0450,HDHP,Yes,Yes,Yes,90,300,1,1,1,390,4
E0451,Premium PPO,Yes,No,No,260,750,1,0,0,1010,2
E0452,Standard PPO,No,Yes,No,180,500,0,1,0,680,2
E0453,Basic PPO,No,Yes,No,120,350,0,1,0,470,2
E0454,HDHP,No,Yes,Yes,90,300,0,1,1,390,3
E0455,Standard PPO,Yes,Yes,No,180,500,1,1,0,680,3
E0456,Basic PPO,Yes,Yes,Yes,120,350,1,1,1,470,4
E0457,Basic PPO,Yes,Yes,No,120,350,1,1,0,470,3
E0458,HDHP,Yes,No,Yes,90,300,1,0,1,390,3
E0459,Standard PPO,Yes,No,No,180,500,1,0,0,680,2
E0460,Premium PPO,Yes,Yes,Yes,260,750,1,1,1,1010,4
E0461,Basic PPO,Yes,Yes,Yes,120,350,1,1,1,470,4
E0462,Basic PPO,Yes,Yes,No,120,350,1,1,0,470,3
E0463,Premium PPO,Yes,Yes,No,260,750,1,1,0,1010,3
E0464,HDHP,No,Yes,Yes,90,300,0,1,1,390,3
E0465,Standard PPO,No,Yes,No,180,500,0,1,0,680,2
E0466,Basic PPO,Yes,Yes,Yes,120,350,1,1,1,470,4
E0467,Standard PPO,Yes,No,No,180,500,1,0,0,680,2
E0468,Basic PPO,Yes,Yes,No,120,350,1,1,0,470,3
E0469,HDHP,Yes,Yes,Yes,90,300,1,1,1,390,4
E0470,Standard PPO,Yes,Yes,Yes,180,500,1,1,1,680,4
E0471,Standard PPO,No,Yes,Yes,180,500,0,1,1,680,3
E0472,HDHP,Yes,Yes,Yes,90,300,1,1,1,390,4
E0473,Basic PPO,Yes,Yes,Yes,120,350,1,1,1,470,4
E0474,Basic PPO,Yes,Yes,Yes,120,350,1,1,1,470,4
E0475,Premium PPO,Yes,Yes,Yes,260,750,1,1,1,1010,4
E0476,Basic PPO,Yes,Yes,No,120,350,1,1,0,470,3
E0477,Premium PPO,Yes,Yes,Yes,260,750,1,1,1,1010,4
E0478,Basic PPO,Yes,Yes,Yes,120,350,1,1,1,470,4
E0479,Basic PPO,No,Yes,No,120,350,0,1,0,470,2
E0480,HDHP,Yes,Yes,Yes,90,300,1,1,1,390,4
E0481,Standard PPO,Yes,Yes,No,180,500,1,1,0,680,3
E0482,Basic PPO,Yes,Yes,No,120,350,1,1,0,470,3
E0483,Basic PPO,Yes,Yes,Yes,120,350,1,1,1,470,4
E0484,Basic PPO,No,Yes,Yes,120,350,0,1,1,470,3
E0485,Basic PPO,No,Yes,Yes,120,350,0,1,1,470,3
E0486,Standard PPO,No,Yes,Yes,180,500,0,1,1,680,3
E0487,Premium PPO,Yes,No,Yes,260,750,1,0,1,1010,3
E0488,Standard PPO,Yes,Yes,No,180,500,1,1,0,680,3
E0489,Standard PPO,Yes,Yes,No,180,500,1,1,0,680,3
E0490,Standard PPO,Yes,Yes,Yes,180,500,1,1,1,680,4
E0491,Standard PPO,Yes,Yes,No,180,500,1,1,0,680,3
E0492,Premium PPO,Yes,No,No,260,750,1,0,0,1010,2
E0493,Standard PPO,Yes,Yes,Yes,180,500,1,1,1,680,4
E0494,Standard PPO,No,Yes,No,180,500,0,1,0,680,2
E0495,Basic PPO,No,Yes,Yes,120,350,0,1,1,470,3
E0496,Standard PPO,Yes,No,Yes,180,500,1,0,1,680,3
E0497,Premium PPO,Yes,Yes,No,260,750,1,1,0,1010,3
E0498,Premium PPO,No,Yes,Yes,260,750,0,1,1,1010,3
E0499,Standard PPO,Yes,Yes,Yes,180,500,1,1,1,680,4
E0500,Basic PPO,Yes,No,Yes,120,350,1,0,1,470,3
E0501,Basic PPO,No,Yes,Yes,120,350,0,1,1,470,3
E0502,Basic PPO,Yes,No,Yes,120,350,1,0,1,470,3
E0503,Basic PPO,No,Yes,Yes,120,350,0,1,1,470,3
E0504,Premium PPO,Yes,Yes,Yes,260,750,1,1,1,1010,4
E0505,Basic PPO,Yes,No,Yes,120,350,1,0,1,470,3
E0506,Basic PPO,Yes,Yes,Yes,120,350,1,1,1,470,4
E0507,Basic PPO,Yes,Yes,Yes,120,350,1,1,1,470,4
E0508,Standard PPO,Yes,Yes,Yes,180,500,1,1,1,680,4
E0509,Standard PPO,Yes,Yes,Yes,180,500,1,1,1,680,4
E0510,Basic PPO,Yes,No,No,120,350,1,0,0,470,2
E0511,Standard PPO,No,No,No,180,500,0,0,0,680,1
E0512,Standard PPO,No,Yes,Yes,180,500,0,1,1,680,3
E0513,Premium PPO,No,Yes,Yes,260,750,0,1,1,1010,3
E0514,Basic PPO,Yes,Yes,Yes,120,350,1,1,1,470,4
E0515,Premium PPO,Yes,Yes,Yes,260,750,1,1,1,1010,4
E0516,Standard PPO,Yes,No,No,180,500,1,0,0,680,2
E0517,Basic PPO,Yes,Yes,No,120,350,1,1,0,470,3
E0518,Basic PPO,No,Yes,Yes,120,350,0,1,1,470,3
E0519,HDHP,Yes,No,Yes,90,300,1,0,1,390,3
E0520,Premium PPO,Yes,No,Yes,260,750,1,0,1,1010,3
E0521,Standard PPO,Yes,Yes,Yes,180,500,1,1,1,680,4
E0522,Basic PPO,Yes,Yes,No,120,350,1,1,0,470,3
E0523,Standard PPO,Yes,Yes,Yes,180,500,1,1,1,680,4
E0524,Standard PPO,No,No,No,180,500,0,0,0,680,1
E0525,Basic PPO,Yes,Yes,No,120,350,1,1,0,470,3
E0526,Premium PPO,Yes,Yes,Yes,260,750,1,1,1,1010,4
E0527,Premium PPO,Yes,No,Yes,260,750,1,0,1,1010,3
E0528,HDHP,No,Yes,No,90,300,0,1,0,390,2
E0529,Premium PPO,Yes,No,Yes,260,750,1,0,1,1010,3
E0530,Standard PPO,Yes,Yes,No,180,500,1,1,0,680,3
E0531,Standard PPO,Yes,Yes,Yes,180,500,1,1,1,680,4
E0532,Standard PPO,Yes,No,Yes,180,500,1,0,1,680,3
E0533,Premium PPO,Yes,No,Yes,260,750,1,0,1,1010,3
E0534,Standard PPO,No,Yes,No,180,500,0,1,0,680,2
E0535,Premium PPO,Yes,Yes,No,260,750,1,1,0,1010,3
E0536,Basic PPO,No,Yes,No,120,350,0,1,0,470,2
E0537,Standard PPO,Yes,Yes,No,180,500,1,1,0,680,3
E0538,Basic PPO,Yes,Yes,No,120,350,1,1,0,470,3
E0539,Standard PPO,Yes,Yes,Yes,180,500,1,1,1,680,4
E0540,Basic PPO,Yes,Yes,Yes,120,350,1,1,1,470,4
E0541,Basic PPO,Yes,No,No,120,350,1,0,0,470,2
E0542,Basic PPO,Yes,Yes,Yes,120,350,1,1,1,470,4
E0543,Premium PPO,Yes,Yes,No,260,750,1,1,0,1010,3
E0544,Basic PPO,Yes,No,No,120,350,1,0,0,470,2
E0545,Standard PPO,Yes,Yes,No,180,500,1,1,0,680,3
E0546,Standard PPO,Yes,Yes,Yes,180,500,1,1,1,680,4
E0547,Premium PPO,Yes,No,Yes,260,750,1,0,1,1010,3
E0548,Premium PPO,Yes,No,No,260,750,1,0,0,1010,2
E0549,Standard PPO,Yes,No,Yes,180,500,1,0,1,680,3
E0550,Basic PPO,Yes,No,No,120,350,1,0,0,470,2
E0551,Standard PPO,Yes,Yes,Yes,180,500,1,1,1,680,4
E0552,Standard PPO,Yes,Yes,Yes,180,500,1,1,1,680,4
E0553,Standard PPO,Yes,No,Yes,180,500,1,0,1,680,3
E0554,Basic PPO,Yes,Yes,No,120,350,1,1,0,470,3
E0555,Premium PPO,Yes,Yes,Yes,260,750,1,1,1,1010,4
E0556,Standard PPO,Yes,Yes,No,180,500,1,1,0,680,3
E0557,Premium PPO,No,Yes,Yes,260,750,0,1,1,1010,3
E0558,Premium PPO,Yes,No,Yes,260,750,1,0,1,1010,3
E0559,HDHP,Yes,Yes,Yes,90,300,1,1,1,390,4
E0560,Basic PPO,No,Yes,No,120,350,0,1,0,470,2
E0561,HDHP,No,No,No,90,300,0,0,0,390,1
E0562,Basic PPO,No,Yes,Yes,120,350,0,1,1,470,3
E0563,Basic PPO,Yes,Yes,Yes,120,350,1,1,1,470,4
E0564,Standard PPO,Yes,Yes,Yes,180,500,1,1,1,680,4
E0565,Standard PPO,Yes,Yes,No,180,500,1,1,0,680,3
E0566,Premium PPO,Yes,Yes,No,260,750,1,1,0,1010,3
E0567,Standard PPO,No,Yes,No,180,500,0,1,0,680,2
E0568,Basic PPO,Yes,No,Yes,120,350,1,0,1,470,3
E0569,Standard PPO,Yes,No,No,180,500,1,0,0,680,2
E0570,Standard PPO,Yes,No,Yes,180,500,1,0,1,680,3
E0571,Premium PPO,Yes,Yes,No,260,750,1,1,0,1010,3
E0572,Standard PPO,Yes,No,Yes,180,500,1,0,1,680,3
E0573,Basic PPO,Yes,Yes,Yes,120,350,1,1,1,470,4
E0574,Standard PPO,Yes,No,Yes,180,500,1,0,1,680,3
E0575,Standard PPO,Yes,Yes,No,180,500,1,1,0,680,3
E0576,Basic PPO,Yes,No,No,120,350,1,0,0,470,2
E0577,Basic PPO,Yes,Yes,Yes,120,350,1,1,1,470,4
E0578,Standard PPO,Yes,No,Yes,180,500,1,0,1,680,3
E0579,Standard PPO,Yes,No,No,180,500,1,0,0,680,2
E0580,Standard PPO,Yes,No,No,180,500,1,0,0,680,2
E0581,Basic PPO,Yes,Yes,Yes,120,350,1,1,1,470,4
E0582,Basic PPO,Yes,Yes,Yes,120,350,1,1,1,470,4
E0583,Basic PPO,Yes,No,Yes,120,350,1,0,1,470,3
E0584,Standard PPO,Yes,No,No,180,500,1,0,0,680,2
E0585,Standard PPO,Yes,Yes,Yes,180,500,1,1,1,680,4
E0586,Basic PPO,Yes,Yes,No,120,350,1,1,0,470,3
E0587,Premium PPO,Yes,No,Yes,260,750,1,0,1,1010,3
E0588,Standard PPO,Yes,Yes,Yes,180,500,1,1,1,680,4
E0589,HDHP,Yes,Yes,No,90,300,1,1,0,390,3
E0590,Premium PPO,Yes,No,Yes,260,750,1,0,1,1010,3
E0591,Premium PPO,No,Yes,Yes,260,750,0,1,1,1010,3
E0592,Standard PPO,Yes,Yes,No,180,500,1,1,0,680,3
E0593,Premium PPO,Yes,No,Yes,260,750,1,0,1,1010,3
E0594,Standard PPO,Yes,Yes,No,180,500,1,1,0,680,3
E0595,Premium PPO,No,Yes,Yes,260,750,0,1,1,1010,3
E0596,Standard PPO,Yes,Yes,No,180,500,1,1,0,680,3
E0597,Standard PPO,Yes,Yes,No,180,500,1,1,0,680,3
E0598,Premium PPO,No,No,Yes,260,750,0,0,1,1010,2
E0599,HDHP,Yes,Yes,No,90,300,1,1,0,390,3
E0600,Standard PPO,Yes,Yes,No,180,500,1,1,0,680,3
E0601,Standard PPO,No,No,No,180,500,0,0,0,680,1
E0602,Standard PPO,Yes,Yes,Yes,180,500,1,1,1,680,4
E0603,Basic PPO,Yes,No,Yes,120,350,1,0,1,470,3
E0604,Basic PPO,Yes,Yes,Yes,120,350,1,1,1,470,4
E0605,Standard PPO,Yes,Yes,Yes,180,500,1,1,1,680,4
E0606,Premium PPO,Yes,No,Yes,260,750,1,0,1,1010,3
E0607,Basic PPO,Yes,Yes,Yes,120,350,1,1,1,470,4
E0608,Standard PPO,Yes,Yes,Yes,180,500,1,1,1,680,4
E0609,Standard PPO,No,Yes,Yes,180,500,0,1,1,680,3
E0610,Standard PPO,Yes,Yes,No,180,500,1,1,0,680,3
E0611,Premium PPO,Yes,Yes,Yes,260,750,1,1,1,1010,4
E0612,Standard PPO,Yes,Yes,Yes,180,500,1,1,1,680,4
E0613,Standard PPO,Yes,No,Yes,180,500,1,0,1,680,3
E0614,Standard PPO,No,No,Yes,180,500,0,0,1,680,2
E0615,Premium PPO,Yes,Yes,Yes,260,750,1,1,1,1010,4
E0616,Premium PPO,Yes,Yes,Yes,260,750,1,1,1,1010,4
E0617,Premium PPO,No,Yes,No,260,750,0,1,0,1010,2
E0618,Basic PPO,Yes,No,No,120,350,1,0,0,470,2
E0619,Premium PPO,Yes,Yes,No,260,750,1,1,0,1010,3
E0620,Basic PPO,Yes,Yes,Yes,120,350,1,1,1,470,4
E0621,Standard PPO,Yes,Yes,Yes,180,500,1,1,1,680,4
E0622,Standard PPO,Yes,Yes,No,180,500,1,1,0,680,3
E0623,Premium PPO,No,No,No,260,750,0,0,0,1010,1
E0624,HDHP,Yes,Yes,Yes,90,300,1,1,1,390,4
E0625,Premium PPO,No,Yes,Yes,260,750,0,1,1,1010,3
E0626,Premium PPO,Yes,Yes,Yes,260,750,1,1,1,1010,4
E0627,Premium PPO,Yes,Yes,No,260,750,1,1,0,1010,3
E0628,Standard PPO,No,No,Yes,180,500,0,0,1,680,2
E0629,HDHP,Yes,Yes,No,90,300,1,1,0,390,3
E0630,Premium PPO,Yes,Yes,Yes,260,750,1,1,1,1010,4
E0631,HDHP,Yes,No,Yes,90,300,1,0,1,390,3
E0632,Premium PPO,Yes,Yes,Yes,260,750,1,1,1,1010,4
E0633,Basic PPO,Yes,No,No,120,350,1,0,0,470,2
E0634,Basic PPO,No,Yes,No,120,350,0,1,0,470,2
E0635,Premium PPO,No,Yes,No,260,750,0,1,0,1010,2
E0636,Premium PPO,Yes,No,Yes,260,750,1,0,1,1010,3
E0637,HDHP,No,Yes,Yes,90,300,0,1,1,390,3
E0638,Standard PPO,No,No,No,180,500,0,0,0,680,1
E0639,Standard PPO,No,No,No,180,500,0,0,0,680,1
E0640,Standard PPO,Yes,Yes,Yes,180,500,1,1,1,680,4
E0641,Premium PPO,Yes,Yes,Yes,260,750,1,1,1,1010,4
E0642,Standard PPO,Yes,Yes,Yes,180,500,1,1,1,680,4
E0643,Basic PPO,Yes,Yes,Yes,120,350,1,1,1,470,4
E0644,Premium PPO,Yes,Yes,Yes,260,750,1,1,1,1010,4
E0645,Basic PPO,Yes,Yes,No,120,350,1,1,0,470,3
E0646,Basic PPO,Yes,Yes,No,120,350,1,1,0,470,3
E0647,Basic PPO,Yes,Yes,Yes,120,350,1,1,1,470,4
E0648,Premium PPO,Yes,Yes,Yes,260,750,1,1,1,1010,4
E0649,Basic PPO,No,Yes,Yes,120,350,0,1,1,470,3
E0650,Standard PPO,No,Yes,Yes,180,500,0,1,1,680,3
E0651,Premium PPO,No,Yes,Yes,260,750,0,1,1,1010,3
E0652,HDHP,Yes,Yes,No,90,300,1,1,0,390,3
E0653,Standard PPO,Yes,No,Yes,180,500,1,0,1,680,3
E0654,Standard PPO,Yes,Yes,Yes,180,500,1,1,1,680,4
E0655,Premium PPO,No,Yes,Yes,260,750,0,1,1,1010,3
E0656,HDHP,Yes,No,No,90,300,1,0,0,390,2
E0657,Basic PPO,Yes,Yes,No,120,350,1,1,0,470,3
E0658,Standard PPO,Yes,No,Yes,180,500,1,0,1,680,3
E0659,Standard PPO,Yes,No,Yes,180,500,1,0,1,680,3
E0660,Basic PPO,Yes,Yes,Yes,120,350,1,1,1,470,4
E0661,Standard PPO,Yes,Yes,No,180,500,1,1,0,680,3
E0662,Basic PPO,Yes,No,Yes,120,350,1,0,1,470,3
E0663,Standard PPO,Yes,No,No,180,500,1,0,0,680,2
E0664,Basic PPO,Yes,Yes,Yes,120,350,1,1,1,470,4
E0665,Basic PPO,Yes,Yes,Yes,120,350,1,1,1,470,4
E0666,Standard PPO,Yes,No,Yes,180,500,1,0,1,680,3
E0667,Basic PPO,Yes,No,No,120,350,1,0,0,470,2
E0668,Basic PPO,Yes,No,Yes,120,350,1,0,1,470,3
E0669,Standard PPO,Yes,No,Yes,180,500,1,0,1,680,3
E0670,Standard PPO,Yes,Yes,No,180,500,1,1,0,680,3
E0671,Standard PPO,No,No,Yes,180,500,0,0,1,680,2
E0672,Premium PPO,Yes,Yes,Yes,260,750,1,1,1,1010,4
E0673,Basic PPO,No,No,Yes,120,350,0,0,1,470,2
E0674,Standard PPO,Yes,No,Yes,180,500,1,0,1,680,3
E0675,Basic PPO,Yes,Yes,No,120,350,1,1,0,470,3
E0676,Basic PPO,Yes,Yes,No,120,350,1,1,0,470,3
E0677,Premium PPO,Yes,No,Yes,260,750,1,0,1,1010,3
E0678,Standard PPO,No,No,Yes,180,500,0,0,1,680,2
E0679,HDHP,Yes,Yes,Yes,90,300,1,1,1,390,4
E0680,HDHP,Yes,No,Yes,90,300,1,0,1,390,3
E0681,Basic PPO,Yes,No,Yes,120,350,1,0,1,470,3
E0682,Basic PPO,Yes,Yes,Yes,120,350,1,1,1,470,4
E0683,Standard PPO,Yes,Yes,Yes,180,500,1,1,1,680,4
E0684,Standard PPO,No,Yes,No,180,500,0,1,0,680,2
E0685,Standard PPO,Yes,No,No,180,500,1,0,0,680,2
E0686,Standard PPO,Yes,Yes,Yes,180,500,1,1,1,680,4
E0687,Premium PPO,No,Yes,Yes,260,750,0,1,1,1010,3
E0688,Premium PPO,Yes,Yes,Yes,260,750,1,1,1,1010,4
E0689,Premium PPO,Yes,Yes,Yes,260,750,1,1,1,1010,4
E0690,Standard PPO,Yes,Yes,Yes,180,500,1,1,1,680,4
E0691,Premium PPO,Yes,No,No,260,750,1,0,0,1010,2
E0692,HDHP,Yes,Yes,Yes,90,300,1,1,1,390,4
E0693,Standard PPO,Yes,No,Yes,180,500,1,0,1,680,3
E0694,Standard PPO,No,Yes,No,180,500,0,1,0,680,2
E0695,Standard PPO,Yes,Yes,Yes,180,500,1,1,1,680,4
E0696,Standard PPO,No,Yes,No,180,500,0,1,0,680,2
E0697,Basic PPO,Yes,Yes,Yes,120,350,1,1,1,470,4
E0698,Premium PPO,No,Yes,No,260,750,0,1,0,1010,2
E0699,HDHP,Yes,Yes,No,90,300,1,1,0,390,3
E0700,HDHP,No,Yes,No,90,300,0,1,0,390,2
E0701,Standard PPO,Yes,No,No,180,500,1,0,0,680,2
E0702,Standard PPO,Yes,Yes,Yes,180,500,1,1,1,680,4
E0703,Premium PPO,No,Yes,No,260,750,0,1,0,1010,2
E0704,Standard PPO,Yes,Yes,Yes,180,500,1,1,1,680,4
E0705,Standard PPO,Yes,Yes,Yes,180,500,1,1,1,680,4
E0706,HDHP,Yes,No,Yes,90,300,1,0,1,390,3
E0707,Basic PPO,Yes,Yes,Yes,120,350,1,1,1,470,4
E0708,Basic PPO,Yes,No,Yes,120,350,1,0,1,470,3
E0709,Standard PPO,Yes,Yes,Yes,180,500,1,1,1,680,4
E0710,HDHP,Yes,Yes,Yes,90,300,1,1,1,390,4
E0711,Standard PPO,Yes,Yes,Yes,180,500,1,1,1,680,4
E0712,Standard PPO,No,Yes,Yes,180,500,0,1,1,680,3
E0713,Premium PPO,Yes,Yes,No,260,750,1,1,0,1010,3
E0714,HDHP,Yes,No,Yes,90,300,1,0,1,390,3
E0715,Basic PPO,No,No,No,120,350,0,0,0,470,1
E0716,Standard PPO,No,Yes,No,180,500,0,1,0,680,2
E0717,Basic PPO,Yes,Yes,Yes,120,350,1,1,1,470,4
E0718,Premium PPO,Yes,No,No,260,750,1,0,0,1010,2
E0719,Premium PPO,Yes,No,No,260,750,1,0,0,1010,2
E0720,Standard PPO,No,Yes,Yes,180,500,0,1,1,680,3
E0721,Basic PPO,No,Yes,Yes,120,350,0,1,1,470,3
E0722,Standard PPO,Yes,No,No,180,500,1,0,0,680,2
E0723,Premium PPO,Yes,Yes,Yes,260,750,1,1,1,1010,4
E0724,Premium PPO,Yes,No,No,260,750,1,0,0,1010,2
E0725,Basic PPO,Yes,Yes,Yes,120,350,1,1,1,470,4
E0726,Standard PPO,No,No,Yes,180,500,0,0,1,680,2
E0727,Standard PPO,Yes,Yes,Yes,180,500,1,1,1,680,4
E0728,Premium PPO,No,No,No,260,750,0,0,0,1010,1
E0729,Standard PPO,No,Yes,No,180,500,0,1,0,680,2
E0730,HDHP,No,Yes,Yes,90,300,0,1,1,390,3
E0731,Basic PPO,Yes,Yes,Yes,120,350,1,1,1,470,4
E0732,Standard PPO,Yes,Yes,Yes,180,500,1,1,1,680,4
E0733,Standard PPO,Yes,Yes,Yes,180,500,1,1,1,680,4
E0734,Premium PPO,Yes,No,Yes,260,750,1,0,1,1010,3
E0735,Basic PPO,No,Yes,Yes,120,350,0,1,1,470,3
E0736,Standard PPO,Yes,Yes,No,180,500,1,1,0,680,3
E0737,HDHP,Yes,Yes,No,90,300,1,1,0,390,3
E0738,Standard PPO,No,No,Yes,180,500,0,0,1,680,2
E0739,Standard PPO,Yes,No,Yes,180,500,1,0,1,680,3
E0740,Premium PPO,Yes,Yes,Yes,260,750,1,1,1,1010,4
E0741,Standard PPO,Yes,No,Yes,180,500,1,0,1,680,3
E0742,Standard PPO,Yes,No,No,180,500,1,0,0,680,2
E0743,Standard PPO,Yes,No,Yes,180,500,1,0,1,680,3
E0744,Premium PPO,Yes,Yes,Yes,260,750,1,1,1,1010,4
E0745,HDHP,No,No,Yes,90,300,0,0,1,390,2
E0746,Premium PPO,No,Yes,Yes,260,750,0,1,1,1010,3
E0747,Premium PPO,Yes,Yes,Yes,260,750,1,1,1,1010,4
E0748,Standard PPO,No,Yes,Yes,180,500,0,1,1,680,3
E0749,Premium PPO,Yes,Yes,Yes,260,750,1,1,1,1010,4
E0750,Standard PPO,Yes,Yes,Yes,180,500,1,1,1,680,4
E0751,Basic PPO,Yes,Yes,Yes,120,350,1,1,1,470,4
E0752,Premium PPO,No,Yes,Yes,260,750,0,1,1,1010,3
E0753,Standard PPO,Yes,No,Yes,180,500,1,0,1,680,3
E0754,Basic PPO,Yes,Yes,Yes,120,350,1,1,1,470,4
E0755,HDHP,Yes,Yes,Yes,90,300,1,1,1,390,4
E0756,HDHP,No,Yes,Yes,90,300,0,1,1,390,3
E0757,Basic PPO,Yes,Yes,No,120,350,1,1,0,470,3
E0758,HDHP,Yes,Yes,No,90,300,1,1,0,390,3
E0759,Premium PPO,No,No,Yes,260,750,0,0,1,1010,2
E0760,Premium PPO,Yes,Yes,Yes,260,750,1,1,1,1010,4
E0761,Premium PPO,No,Yes,Yes,260,750,0,1,1,1010,3
E0762,Basic PPO,No,Yes,Yes,120,350,0,1,1,470,3
E0763,Standard PPO,Yes,Yes,Yes,180,500,1,1,1,680,4
E0764,Premium PPO,Yes,Yes,Yes,260,750,1,1,1,1010,4
E0765,Standard PPO,Yes,No,Yes,180,500,1,0,1,680,3
E0766,Premium PPO,Yes,Yes,No,260,750,1,1,0,1010,3
E0767,Standard PPO,No,Yes,No,180,500,0,1,0,680,2
E0768,Standard PPO,Yes,Yes,Yes,180,500,1,1,1,680,4
E0769,Standard PPO,Yes,No,No,180,500,1,0,0,680,2
E0770,Premium PPO,Yes,Yes,Yes,260,750,1,1,1,1010,4
E0771,Standard PPO,Yes,Yes,Yes,180,500,1,1,1,680,4
E0772,Basic PPO,No,Yes,Yes,120,350,0,1,1,470,3
E0773,HDHP,Yes,Yes,Yes,90,300,1,1,1,390,4
E0774,HDHP,No,Yes,No,90,300,0,1,0,390,2
E0775,Standard PPO,Yes,No,Yes,180,500,1,0,1,680,3
E0776,Standard PPO,Yes,Yes,No,180,500,1,1,0,680,3
E0777,Standard PPO,Yes,No,Yes,180,500,1,0,1,680,3
E0778,HDHP,Yes,Yes,Yes,90,300,1,1,1,390,4
E0779,Standard PPO,Yes,Yes,No,180,500,1,1,0,680,3
E0780,Standard PPO,Yes,Yes,Yes,180,500,1,1,1,680,4
E0781,Basic PPO,Yes,No,Yes,120,350,1,0,1,470,3
E0782,Standard PPO,Yes,Yes,Yes,180,500,1,1,1,680,4
E0783,Standard PPO,Yes,Yes,No,180,500,1,1,0,680,3
E0784,Standard PPO,Yes,No,Yes,180,500,1,0,1,680,3
E0785,HDHP,No,Yes,Yes,90,300,0,1,1,390,3
E0786,Basic PPO,Yes,Yes,Yes,120,350,1,1,1,470,4
E0787,Basic PPO,No,Yes,No,120,350,0,1,0,470,2
E0788,Standard PPO,Yes,No,Yes,180,500,1,0,1,680,3
E0789,Premium PPO,No,Yes,Yes,260,750,0,1,1,1010,3
E0790,Basic PPO,No,No,Yes,120,350,0,0,1,470,2
E0791,Standard PPO,Yes,Yes,Yes,180,500,1,1,1,680,4
E0792,Basic PPO,Yes,No,Yes,120,350,1,0,1,470,3
E0793,Standard PPO,Yes,Yes,Yes,180,500,1,1,1,680,4
E0794,Standard PPO,Yes,No,Yes,180,500,1,0,1,680,3
E0795,Basic PPO,No,Yes,No,120,350,0,1,0,470,2
E0796,HDHP,No,Yes,Yes,90,300,0,1,1,390,3
E0797,Premium PPO,Yes,Yes,Yes,260,750,1,1,1,1010,4
E0798,Standard PPO,No,Yes,Yes,180,500,0,1,1,680,3
E0799,Premium PPO,No,No,Yes,260,750,0,0,1,1010,2
E0800,HDHP,Yes,Yes,Yes,90,300,1,1,1,390,4
E0801,Standard PPO,Yes,No,Yes,180,500,1,0,1,680,3
E0802,HDHP,Yes,No,No,90,300,1,0,0,390,2
E0803,Standard PPO,Yes,No,Yes,180,500,1,0,1,680,3
E0804,Basic PPO,No,Yes,Yes,120,350,0,1,1,470,3
E0805,Premium PPO,Yes,Yes,Yes,260,750,1,1,1,1010,4
E0806,Basic PPO,Yes,Yes,Yes,120,350,1,1,1,470,4
E0807,HDHP,No,Yes,Yes,90,300,0,1,1,390,3
E0808,Premium PPO,Yes,Yes,Yes,260,750,1,1,1,1010,4
E0809,Standard PPO,No,Yes,Yes,180,500,0,1,1,680,3
E0810,HDHP,No,No,Yes,90,300,0,0,1,390,2
E0811,Premium PPO,Yes,Yes,Yes,260,750,1,1,1,1010,4
E0812,Basic PPO,No,Yes,No,120,350,0,1,0,470,2
E0813,Standard PPO,Yes,Yes,Yes,180,500,1,1,1,680,4
E0814,Standard PPO,No,Yes,Yes,180,500,0,1,1,680,3
E0815,Premium PPO,Yes,No,Yes,260,750,1,0,1,1010,3
E0816,Standard PPO,Yes,Yes,Yes,180,500,1,1,1,680,4
E0817,Standard PPO,Yes,Yes,Yes,180,500,1,1,1,680,4
E0818,Premium PPO,Yes,Yes,Yes,260,750,1,1,1,1010,4
E0819,Premium PPO,Yes,No,Yes,260,750,1,0,1,1010,3
E0820,HDHP,Yes,Yes,Yes,90,300,1,1,1,390,4
E0821,HDHP,Yes,No,Yes,90,300,1,0,1,390,3
E0822,Basic PPO,Yes,Yes,Yes,120,350,1,1,1,470,4
E0823,Basic PPO,Yes,Yes,Yes,120,350,1,1,1,470,4
E0824,Standard PPO,Yes,Yes,No,180,500,1,1,0,680,3
E0825,Standard PPO,Yes,Yes,No,180,500,1,1,0,680,3
E0826,Premium PPO,Yes,Yes,Yes,260,750,1,1,1,1010,4
E0827,Standard PPO,Yes,Yes,Yes,180,500,1,1,1,680,4
E0828,Basic PPO,Yes,Yes,No,120,350,1,1,0,470,3
E0829,Basic PPO,Yes,Yes,Yes,120,350,1,1,1,470,4
E0830,Premium PPO,No,Yes,No,260,750,0,1,0,1010,2
E0831,Premium PPO,Yes,No,No,260,750,1,0,0,1010,2
E0832,Standard PPO,No,No,No,180,500,0,0,0,680,1
E0833,Basic PPO,Yes,No,Yes,120,350,1,0,1,470,3
E0834,Standard PPO,No,Yes,Yes,180,500,0,1,1,680,3
E0835,Standard PPO,Yes,Yes,No,180,500,1,1,0,680,3
E0836,Basic PPO,No,No,No,120,350,0,0,0,470,1
E0837,Standard PPO,No,No,No,180,500,0,0,0,680,1
E0838,Standard PPO,Yes,Yes,Yes,180,500,1,1,1,680,4
E0839,Standard PPO,Yes,Yes,No,180,500,1,1,0,680,3
E0840,Basic PPO,No,Yes,Yes,120,350,0,1,1,470,3
E0841,Standard PPO,Yes,No,No,180,500,1,0,0,680,2
E0842,Standard PPO,No,Yes,Yes,180,500,0,1,1,680,3
E0843,Standard PPO,Yes,Yes,No,180,500,1,1,0,680,3
E0844,Premium PPO,Yes,No,Yes,260,750,1,0,1,1010,3
E0845,Standard PPO,Yes,Yes,Yes,180,500,1,1,1,680,4
E0846,Premium PPO,Yes,No,Yes,260,750,1,0,1,1010,3
E0847,HDHP,Yes,No,No,90,300,1,0,0,390,2
E0848,Standard PPO,Yes,Yes,Yes,180,500,1,1,1,680,4
E0849,Basic PPO,No,Yes,Yes,120,350,0,1,1,470,3
E0850,Premium PPO,Yes,Yes,Yes,260,750,1,1,1,1010,4
E0851,Premium PPO,Yes,Yes,Yes,260,750,1,1,1,1010,4
E0852,Basic PPO,Yes,Yes,Yes,120,350,1,1,1,470,4
E0853,Standard PPO,Yes,Yes,Yes,180,500,1,1,1,680,4
E0854,Standard PPO,Yes,Yes,Yes,180,500,1,1,1,680,4
E0855,Premium PPO,Yes,No,Yes,260,750,1,0,1,1010,3
E0856,Standard PPO,No,No,Yes,180,500,0,0,1,680,2
E0857,Premium PPO,Yes,No,Yes,260,750,1,0,1,1010,3
E0858,HDHP,Yes,Yes,No,90,300,1,1,0,390,3
E0859,Premium PPO,Yes,Yes,No,260,750,1,1,0,1010,3
E0860,Standard PPO,No,Yes,No,180,500,0,1,0,680,2
E0861,HDHP,Yes,No,Yes,90,300,1,0,1,390,3
E0862,Standard PPO,Yes,No,Yes,180,500,1,0,1,680,3
E0863,Standard PPO,No,Yes,Yes,180,500,0,1,1,680,3
E0864,Premium PPO,Yes,Yes,No,260,750,1,1,0,1010,3
E0865,Standard PPO,Yes,Yes,No,180,500,1,1,0,680,3
E0866,Standard PPO,Yes,Yes,No,180,500,1,1,0,680,3
E0867,Premium PPO,Yes,No,Yes,260,750,1,0,1,1010,3
E0868,Basic PPO,Yes,No,Yes,120,350,1,0,1,470,3
E0869,Standard PPO,Yes,No,Yes,180,500,1,0,1,680,3
E0870,Standard PPO,No,No,Yes,180,500,0,0,1,680,2
E0871,Premium PPO,Yes,Yes,Yes,260,750,1,1,1,1010,4
E0872,Premium PPO,Yes,Yes,No,260,750,1,1,0,1010,3
E0873,Standard PPO,Yes,Yes,Yes,180,500,1,1,1,680,4
E0874,Premium PPO,Yes,No,Yes,260,750,1,0,1,1010,3
E0875,Basic PPO,Yes,No,No,120,350,1,0,0,470,2
E0876,Basic PPO,Yes,Yes,Yes,120,350,1,1,1,470,4
E0877,Standard PPO,Yes,Yes,Yes,180,500,1,1,1,680,4
E0878,Standard PPO,Yes,Yes,No,180,500,1,1,0,680,3
E0879,Premium PPO,No,No,Yes,260,750,0,0,1,1010,2
E0880,Basic PPO,No,Yes,Yes,120,350,0,1,1,470,3
E0881,Basic PPO,Yes,No,Yes,120,350,1,0,1,470,3
E0882,Premium PPO,Yes,Yes,Yes,260,750,1,1,1,1010,4
E0883,Standard PPO,Yes,Yes,Yes,180,500,1,1,1,680,4
E0884,Basic PPO,Yes,No,Yes,120,350,1,0,1,470,3
E0885,Standard PPO,Yes,Yes,Yes,180,500,1,1,1,680,4
E0886,Standard PPO,Yes,Yes,Yes,180,500,1,1,1,680,4
E0887,Standard PPO,Yes,No,Yes,180,500,1,0,1,680,3
E0888,Basic PPO,Yes,Yes,Yes,120,350,1,1,1,470,4
E0889,Basic PPO,No,No,Yes,120,350,0,0,1,470,2
E0890,Premium PPO,Yes,Yes,No,260,750,1,1,0,1010,3
E0891,Basic PPO,No,No,No,120,350,0,0,0,470,1
E0892,Standard PPO,Yes,Yes,Yes,180,500,1,1,1,680,4
E0893,Basic PPO,Yes,No,Yes,120,350,1,0,1,470,3
E0894,Basic PPO,Yes,Yes,No,120,350,1,1,0,470,3
E0895,Basic PPO,Yes,No,Yes,120,350,1,0,1,470,3
E0896,Premium PPO,Yes,Yes,No,260,750,1,1,0,1010,3
E0897,Standard PPO,Yes,Yes,Yes,180,500,1,1,1,680,4
E0898,Basic PPO,Yes,Yes,Yes,120,350,1,1,1,470,4
E0899,HDHP,Yes,No,Yes,90,300,1,0,1,390,3
E0900,Premium PPO,Yes,No,No,260,750,1,0,0,1010,2
E0901,Standard PPO,Yes,Yes,No,180,500,1,1,0,680,3
E0902,Standard PPO,Yes,Yes,No,180,500,1,1,0,680,3
E0903,Standard PPO,Yes,Yes,No,180,500,1,1,0,680,3
E0904,Premium PPO,Yes,Yes,Yes,260,750,1,1,1,1010,4
E0905,Standard PPO,No,Yes,Yes,180,500,0,1,1,680,3
E0906,Basic PPO,Yes,Yes,No,120,350,1,1,0,470,3
E0907,Premium PPO,Yes,Yes,Yes,260,750,1,1,1,1010,4
E0908,Premium PPO,No,Yes,No,260,750,0,1,0,1010,2
E0909,Basic PPO,Yes,No,Yes,120,350,1,0,1,470,3
E0910,Basic PPO,Yes,Yes,Yes,120,350,1,1,1,470,4
E0911,Premium PPO,Yes,No,Yes,260,750,1,0,1,1010,3
E0912,Basic PPO,No,Yes,Yes,120,350,0,1,1,470,3
E0913,Basic PPO,Yes,No,Yes,120,350,1,0,1,470,3
E0914,Standard PPO,No,No,Yes,180,500,0,0,1,680,2
E0915,HDHP,Yes,No,No,90,300,1,0,0,390,2
E0916,Standard PPO,Yes,Yes,Yes,180,500,1,1,1,680,4
E0917,Basic PPO,Yes,No,Yes,120,350,1,0,1,470,3
E0918,Premium PPO,Yes,No,Yes,260,750,1,0,1,1010,3
E0919,Basic PPO,Yes,No,No,120,350,1,0,0,470,2
E0920,HDHP,Yes,No,Yes,90,300,1,0,1,390,3
E0921,Basic PPO,Yes,No,No,120,350,1,0,0,470,2
E0922,Standard PPO,Yes,Yes,No,180,500,1,1,0,680,3
E0923,Basic PPO,No,Yes,No,120,350,0,1,0,470,2
E0924,Premium PPO,Yes,Yes,No,260,750,1,1,0,1010,3
E0925,Standard PPO,Yes,Yes,Yes,180,500,1,1,1,680,4
E0926,Premium PPO,No,No,Yes,260,750,0,0,1,1010,2
E0927,Standard PPO,Yes,Yes,Yes,180,500,1,1,1,680,4
E0928,HDHP,Yes,Yes,No,90,300,1,1,0,390,3
E0929,HDHP,No,No,Yes,90,300,0,0,1,390,2
E0930,HDHP,No,Yes,No,90,300,0,1,0,390,2
E0931,Standard PPO,No,Yes,Yes,180,500,0,1,1,680,3
E0932,Standard PPO,No,Yes,No,180,500,0,1,0,680,2
E0933,Basic PPO,No,Yes,No,120,350,0,1,0,470,2
E0934,Standard PPO,No,Yes,No,180,500,0,1,0,680,2
E0935,Standard PPO,No,No,Yes,180,500,0,0,1,680,2
E0936,Standard PPO,Yes,Yes,Yes,180,500,1,1,1,680,4
E0937,Premium PPO,Yes,No,Yes,260,750,1,0,1,1010,3
E0938,Standard PPO,Yes,No,Yes,180,500,1,0,1,680,3
E0939,Premium PPO,No,Yes,Yes,260,750,0,1,1,1010,3
E0940,Basic PPO,Yes,No,Yes,120,350,1,0,1,470,3
E0941,Basic PPO,Yes,No,Yes,120,350,1,0,1,470,3
E0942,Standard PPO,Yes,Yes,Yes,180,500,1,1,1,680,4
E0943,Premium PPO,Yes,Yes,No,260,750,1,1,0,1010,3
E0944,Standard PPO,Yes,Yes,Yes,180,500,1,1,1,680,4
E0945,Basic PPO,No,No,Yes,120,350,0,0,1,470,2
E0946,Premium PPO,Yes,Yes,Yes,260,750,1,1,1,1010,4
E0947,Basic PPO,Yes,No,Yes,120,350,1,0,1,470,3
E0948,Standard PPO,No,Yes,Yes,180,500,0,1,1,680,3
E0949,HDHP,Yes,Yes,Yes,90,300,1,1,1,390,4
E0950,Standard PPO,Yes,Yes,Yes,180,500,1,1,1,680,4
E0951,Premium PPO,No,Yes,Yes,260,750,0,1,1,1010,3
E0952,Premium PPO,Yes,No,Yes,260,750,1,0,1,1010,3
E0953,Basic PPO,Yes,No,Yes,120,350,1,0,1,470,3
E0954,Basic PPO,Yes,Yes,Yes,120,350,1,1,1,470,4
E0955,Premium PPO,Yes,Yes,Yes,260,750,1,1,1,1010,4
E0956,Standard PPO,No,Yes,No,180,500,0,1,0,680,2
E0957,Premium PPO,Yes,Yes,Yes,260,750,1,1,1,1010,4
E0958,Premium PPO,Yes,Yes,No,260,750,1,1,0,1010,3
E0959,Standard PPO,Yes,Yes,Yes,180,500,1,1,1,680,4
E0960,Standard PPO,Yes,No,Yes,180,500,1,0,1,680,3
E0961,Premium PPO,No,Yes,No,260,750,0,1,0,1010,2
E0962,HDHP,Yes,Yes,No,90,300,1,1,0,390,3
E0963,Premium PPO,Yes,Yes,No,260,750,1,1,0,1010,3
E0964,Basic PPO,No,No,Yes,120,350,0,0,1,470,2
E0965,Premium PPO,Yes,Yes,No,260,750,1,1,0,1010,3
E0966,Basic PPO,Yes,No,Yes,120,350,1,0,1,470,3
E0967,Premium PPO,No,Yes,Yes,260,750,0,1,1,1010,3
E0968,Basic PPO,No,Yes,Yes,120,350,0,1,1,470,3
E0969,Basic PPO,No,Yes,Yes,120,350,0,1,1,470,3
E0970,Standard PPO,No,Yes,No,180,500,0,1,0,680,2
E0971,Basic PPO,Yes,Yes,Yes,120,350,1,1,1,470,4
E0972,Standard PPO,Yes,Yes,No,180,500,1,1,0,680,3
E0973,HDHP,Yes,Yes,Yes,90,300,1,1,1,390,4
E0974,Premium PPO,Yes,Yes,Yes,260,750,1,1,1,1010,4
E0975,Premium PPO,Yes,Yes,Yes,260,750,1,1,1,1010,4
E0976,Premium PPO,Yes,Yes,Yes,260,750,1,1,1,1010,4
E0977,Standard PPO,Yes,Yes,Yes,180,500,1,1,1,680,4
E0978,Standard PPO,Yes,No,Yes,180,500,1,0,1,680,3
E0979,Standard PPO,Yes,Yes,Yes,180,500,1,1,1,680,4
E0980,Premium PPO,Yes,Yes,Yes,260,750,1,1,1,1010,4
E0981,Basic PPO,Yes,No,Yes,120,350,1,0,1,470,3
E0982,Standard PPO,Yes,Yes,Yes,180,500,1,1,1,680,4
E0983,Basic PPO,No,No,No,120,350,0,0,0,470,1
E0984,HDHP,Yes,No,Yes,90,300,1,0,1,390,3
E0985,Basic PPO,No,Yes,Yes,120,350,0,1,1,470,3
E0986,Premium PPO,Yes,Yes,Yes,260,750,1,1,1,1010,4
E0987,Premium PPO,No,Yes,Yes,260,750,0,1,1,1010,3
E0988,Standard PPO,Yes,Yes,Yes,180,500,1,1,1,680,4
E0989,Standard PPO,No,No,No,180,500,0,0,0,680,1
E0990,Basic PPO,No,No,No,120,350,0,0,0,470,1
E0991,Premium PPO,Yes,Yes,No,260,750,1,1,0,1010,3
E0992,Basic PPO,Yes,Yes,No,120,350,1,1,0,470,3
E0993,Premium PPO,Yes,Yes,Yes,260,750,1,1,1,1010,4
E0994,Premium PPO,Yes,Yes,Yes,260,750,1,1,1,1010,4
E0995,HDHP,Yes,No,Yes,90,300,1,0,1,390,3
E0996,Standard PPO,Yes,Yes,Yes,180,500,1,1,1,680,4
E0997,Premium PPO,Yes,No,Yes,260,750,1,0,1,1010,3
E0998,Premium PPO,Yes,Yes,No,260,750,1,1,0,1010,3
E0999,Basic PPO,Yes,Yes,No,120,350,1,1,0,470,3
E1000,Standard PPO,Yes,Yes,Yes,180,500,1,1,1,680,4
