employee_id,medical_plan,dental_plan,vision_plan,retirement_401k,employee_premium,employer_premium
E0001,Standard PPO,Yes,Yes,No,180,500
E0002,Standard PPO,No,Yes,Yes,180,500
E0003,Premium PPO,No,Yes,Yes,260,750
E0004,Basic PPO,No,No,Yes,120,350
E0005,Standard PPO,No,Yes,Yes,180,500
E0006,Basic PPO,Yes,Yes,Yes,120,350
E0007,Basic PPO,Yes,Yes,Yes,120,350
E0008,Standard PPO,Yes,No,Yes,180,500
E0009,Premium PPO,Yes,Yes,No,260,750
E0010,Standard PPO,Yes,Yes,No,180,500
E0011,Basic PPO,Yes,No,Yes,120,350
E0012,HDHP,No,Yes,Yes,90,300
E0013,Standard PPO,Yes,Yes,No,180,500
E0014,Standard PPO,Yes,Yes,Yes,180,500
E0015,Standard PPO,No,Yes,No,180,500
E0016,Premium PPO,Yes,Yes,Yes,260,750
E0017,Standard PPO,Yes,Yes,Yes,180,500
E0018,Standard PPO,Yes,Yes,No,180,500
E0019,Standard PPO,Yes,No,Yes,180,500
E0020,Standard PPO,No,No,Yes,180,500
E0021,Standard PPO,Yes,No,Yes,180,500
E0022,Basic PPO,Yes,Yes,Yes,120,350
E0023,Basic PPO,Yes,Yes,No,120,350
E0024,Premium PPO,Yes,No,Yes,260,750
E0025,Basic PPO,Yes,Yes,Yes,120,350
E0026,HDHP,Yes,Yes,Yes,90,300
E0027,Basic PPO,Yes,Yes,No,120,350
E0028,Basic PPO,Yes,No,Yes,120,350
E0029,Standard PPO,Yes,No,No,180,500
E0030,Basic PPO,No,Yes,No,120,350
E0031,Premium PPO,Yes,No,Yes,260,750
E0032,Basic PPO,Yes,Yes,No,120,350
E0033,HDHP,Yes,Yes,Yes,90,300
E0034,Standard PPO,Yes,Yes,Yes,180,500
E0035,Premium PPO,Yes,Yes,Yes,260,750
E0036,Premium PPO,Yes,No,Yes,260,750
E0037,Standard PPO,Yes,No,Yes,180,500
E0038,Standard PPO,No,Yes,Yes,180,500
E0039,Standard PPO,Yes,Yes,Yes,180,500
E0040,Basic PPO,Yes,Yes,Yes,120,350
E0041,HDHP,Yes,No,No,90,300
E0042,Standard PPO,No,Yes,Yes,180,500
E0043,Premium PPO,No,Yes,No,260,750
E0044,Basic PPO,Yes,Yes,Yes,120,350
E0045,Standard PPO,Yes,No,Yes,180,500
E0046,Basic PPO,Yes,Yes,Yes,120,350
E0047,Premium PPO,No,No,Yes,260,750
E0048,Premium PPO,Yes,Yes,No,260,750
E0049,Basic PPO,Yes,No,Yes,120,350
E0050,Standard PPO,No,No,Yes,180,500
E0051,Standard PPO,Yes,Yes,No,180,500
E0052,Premium PPO,No,No,Yes,260,750
E0053,Premium PPO,No,Yes,Yes,260,750
E0054,Standard PPO,Yes,Yes,Yes,180,500
E0055,Standard PPO,Yes,No,No,180,500
E0056,Basic PPO,No,No,No,120,350
E0057,Basic PPO,No,No,Yes,120,350
E0058,HDHP,Yes,Yes,No,90,300
E0059,Standard PPO,Yes,Yes,Yes,180,500
E0060,Premium PPO,No,Yes,Yes,260,750
E0061,Standard PPO,Yes,Yes,Yes,180,500
E0062,HDHP,Yes,Yes,No,90,300
E0063,HDHP,Yes,Yes,No,90,300
E0064,HDHP,Yes,Yes,Yes,90,300
E0065,Premium PPO,No,Yes,Yes,260,750
E0066,Premium PPO,Yes,Yes,No,260,750
E0067,Basic PPO,Yes,Yes,Yes,120,350
E0068,Basic PPO,Yes,No,Yes,120,350
E0069,HDHP,Yes,No,No,90,300
E0070,Basic PPO,No,Yes,No,120,350
E0071,Premium PPO,Yes,No,Yes,260,750
E0072,Premium PPO,Yes,Yes,Yes,260,750
E0073,Premium PPO,No,Yes,Yes,260,750
E0074,Basic PPO,No,No,Yes,120,350
E0075,Standard PPO,No,Yes,No,180,500
E0076,Basic PPO,No,Yes,Yes,120,350
E0077,Standard PPO,No,Yes,Yes,180,500
E0078,Premium PPO,Yes,No,Yes,260,750
E0079,Basic PPO,Yes,Yes,Yes,120,350
E0080,Standard PPO,No,Yes,Yes,180,500
E0081,HDHP,Yes,Yes,No,90,300
E0082,Premium PPO,No,No,Yes,260,750
E0083,Premium PPO,Yes,Yes,Yes,260,750
E0084,Basic PPO,Yes,Yes,Yes,120,350
E0085,Premium PPO,No,Yes,Yes,260,750
E0086,Basic PPO,Yes,No,Yes,120,350
E0087,Premium PPO,Yes,No,No,260,750
E0088,Premium PPO,Yes,No,No,260,750
E0089,HDHP,Yes,Yes,Yes,90,300
E0090,HDHP,No,Yes,No,90,300
E0091,Premium PPO,Yes,Yes,Yes,260,750
E0092,HDHP,Yes,No,Yes,90,300
E0093,Premium PPO,Yes,Yes,No,260,750
E0094,Standard PPO,Yes,No,Yes,180,500
E0095,Standard PPO,Yes,No,No,180,500
E0096,Basic PPO,No,Yes,Yes,120,350
E0097,Premium PPO,Yes,Yes,Yes,260,750
E0098,HDHP,No,Yes,Yes,90,300
E0099,Standard PPO,Yes,No,No,180,500
E0100,HDHP,Yes,Yes,Yes,90,300
E0101,Standard PPO,No,Yes,Yes,180,500
E0102,Standard PPO,Yes,Yes,Yes,180,500
E0103,Premium PPO,Yes,No,Yes,260,750
E0104,Basic PPO,No,Yes,Yes,120,350
E0105,Standard PPO,Yes,Yes,No,180,500
E0106,Standard PPO,Yes,Yes,No,180,500
E0107,Basic PPO,Yes,Yes,Yes,120,350
E0108,Standard PPO,Yes,Yes,No,180,500
E0109,Standard PPO,Yes,Yes,No,180,500
E0110,HDHP,No,No,No,90,300
E0111,Premium PPO,No,No,Yes,260,750
E0112,Standard PPO,Yes,Yes,Yes,180,500
E0113,Basic PPO,Yes,Yes,Yes,120,350
E0114,HDHP,No,No,No,90,300
E0115,Premium PPO,Yes,Yes,Yes,260,750
E0116,Premium PPO,Yes,Yes,Yes,260,750
E0117,Basic PPO,Yes,No,Yes,120,350
E0118,Standard PPO,Yes,Yes,Yes,180,500
E0119,Basic PPO,No,No,Yes,120,350
E0120,Premium PPO,Yes,No,No,260,750
E0121,Standard PPO,Yes,Yes,No,180,500
E0122,Standard PPO,Yes,Yes,Yes,180,500
E0123,Premium PPO,No,Yes,Yes,260,750
E0124,Basic PPO,Yes,Yes,No,120,350
E0125,Standard PPO,Yes,No,No,180,500
E0126,Basic PPO,Yes,Yes,Yes,120,350
E0127,Premium PPO,No,Yes,Yes,260,750
E0128,Basic PPO,Yes,Yes,No,120,350
E0129,Standard PPO,No,No,No,180,500
E0130,Premium PPO,Yes,No,Yes,260,750
E0131,HDHP,No,No,No,90,300
E0132,Standard PPO,No,Yes,Yes,180,500
E0133,Premium PPO,Yes,Yes,No,260,750
E0134,Basic PPO,Yes,Yes,No,120,350
E0135,Premium PPO,Yes,Yes,No,260,750
E0136,Standard PPO,Yes,Yes,No,180,500
E0137,Standard PPO,Yes,Yes,Yes,180,500
E0138,Standard PPO,Yes,No,No,180,500
E0139,Basic PPO,Yes,Yes,Yes,120,350
E0140,Standard PPO,Yes,Yes,Yes,180,500
E0141,Premium PPO,No,No,No,260,750
E0142,Basic PPO,Yes,Yes,Yes,120,350
E0143,Standard PPO,No,Yes,No,180,500
E0144,Basic PPO,Yes,Yes,Yes,120,350
E0145,HDHP,Yes,No,No,90,300
E0146,Premium PPO,No,Yes,No,260,750
E0147,Premium PPO,Yes,Yes,Yes,260,750
E0148,Premium PPO,Yes,Yes,Yes,260,750
E0149,Basic PPO,Yes,Yes,Yes,120,350
E0150,Standard PPO,Yes,Yes,No,180,500
E0151,Basic PPO,Yes,Yes,No,120,350
E0152,Standard PPO,Yes,Yes,Yes,180,500
E0153,HDHP,No,No,Yes,90,300
E0154,Standard PPO,Yes,Yes,Yes,180,500
E0155,Basic PPO,Yes,Yes,No,120,350
E0156,Basic PPO,No,Yes,Yes,120,350
E0157,Premium PPO,Yes,Yes,Yes,260,750
E0158,Standard PPO,Yes,Yes,Yes,180,500
E0159,Standard PPO,Yes,No,No,180,500
E0160,Premium PPO,Yes,No,Yes,260,750
E0161,Premium PPO,Yes,No,Yes,260,750
E0162,Basic PPO,Yes,No,Yes,120,350
E0163,Basic PPO,Yes,Yes,Yes,120,350
E0164,Standard PPO,No,Yes,Yes,180,500
E0165,Standard PPO,Yes,No,Yes,180,500
E0166,Standard PPO,Yes,No,Yes,180,500
E0167,Standard PPO,Yes,No,Yes,180,500
E0168,Basic PPO,Yes,No,Yes,120,350
E0169,Standard PPO,Yes,No,Yes,180,500
E0170,Premium PPO,No,Yes,Yes,260,750
E0171,Standard PPO,Yes,Yes,No,180,500
E0172,Standard PPO,Yes,No,Yes,180,500
E0173,Standard PPO,Yes,Yes,Yes,180,500
E0174,Basic PPO,Yes,No,Yes,120,350
E0175,Standard PPO,Yes,No,Yes,180,500
E0176,Premium PPO,Yes,Yes,Yes,260,750
E0177,Basic PPO,No,No,Yes,120,350
E0178,Standard PPO,Yes,Yes,Yes,180,500
E0179,Standard PPO,Yes,Yes,Yes,180,500
E0180,Basic PPO,Yes,Yes,Yes,120,350
E0181,Basic PPO,Yes,Yes,No,120,350
E0182,Basic PPO,No,No,No,120,350
E0183,Premium PPO,Yes,No,No,260,750
E0184,Standard PPO,No,Yes,Yes,180,500
E0185,Premium PPO,No,Yes,Yes,260,750
E0186,Standard PPO,Yes,Yes,No,180,500
E0187,Standard PPO,Yes,No,Yes,180,500
E0188,Premium PPO,No,Yes,No,260,750
E0189,Standard PPO,Yes,Yes,No,180,500
E0190,Premium PPO,Yes,Yes,No,260,750
E0191,Standard PPO,Yes,No,Yes,180,500
E0192,Basic PPO,Yes,Yes,No,120,350
E0193,Standard PPO,Yes,Yes,Yes,180,500
E0194,Premium PPO,No,No,No,260,750
E0195,HDHP,Yes,Yes,Yes,90,300
E0196,HDHP,Yes,Yes,No,90,300
E0197,Premium PPO,Yes,Yes,Yes,260,750
E0198,Standard PPO,Yes,Yes,Yes,180,500
E0199,Basic PPO,No,No,Yes,120,350
E0200,Basic PPO,No,Yes,Yes,120,350
E0201,Basic PPO,Yes,No,Yes,120,350
E0202,HDHP,No,Yes,No,90,300
E0203,HDHP,No,Yes,Yes,90,300
E0204,Basic PPO,Yes,No,No,120,350
E0205,Premium PPO,No,Yes,Yes,260,750
E0206,Premium PPO,Yes,No,Yes,260,750
E0207,Standard PPO,Yes,Yes,No,180,500
E0208,Standard PPO,Yes,No,No,180,500
E0209,Premium PPO,No,Yes,No,260,750
E0210,HDHP,Yes,Yes,No,90,300
E0211,Standard PPO,No,Yes,No,180,500
E0212,Premium PPO,No,No,Yes,260,750
E0213,Standard PPO,Yes,Yes,Yes,180,500
E0214,Standard PPO,Yes,Yes,No,180,500
E0215,Standard PPO,Yes,No,No,180,500
E0216,Standard PPO,Yes,Yes,No,180,500
E0217,Basic PPO,Yes,Yes,Yes,120,350
E0218,Standard PPO,Yes,Yes,Yes,180,500
E0219,Premium PPO,Yes,Yes,No,260,750
E0220,Basic PPO,Yes,No,Yes,120,350
E0221,HDHP,Yes,Yes,Yes,90,300
E0222,Standard PPO,No,Yes,No,180,500
E0223,HDHP,Yes,Yes,Yes,90,300
E0224,Standard PPO,Yes,Yes,Yes,180,500
E0225,Standard PPO,No,Yes,Yes,180,500
E0226,Basic PPO,Yes,Yes,No,120,350
E0227,Standard PPO,No,Yes,Yes,180,500
E0228,Premium PPO,Yes,Yes,Yes,260,750
E0229,Basic PPO,Yes,Yes,Yes,120,350
E0230,Premium PPO,No,Yes,Yes,260,750
E0231,Standard PPO,Yes,No,No,180,500
E0232,Standard PPO,Yes,No,No,180,500
E0233,Standard PPO,Yes,Yes,Yes,180,500
E0234,Standard PPO,Yes,Yes,No,180,500
E0235,Standard PPO,No,Yes,No,180,500
E0236,Basic PPO,Yes,Yes,No,120,350
E0237,Standard PPO,Yes,Yes,Yes,180,500
E0238,Standard PPO,Yes,No,Yes,180,500
E0239,Basic PPO,Yes,Yes,Yes,120,350
E0240,Basic PPO,Yes,No,Yes,120,350
E0241,Premium PPO,Yes,No,Yes,260,750
E0242,Basic PPO,No,Yes,Yes,120,350
E0243,HDHP,Yes,Yes,No,90,300
E0244,Premium PPO,Yes,Yes,Yes,260,750
E0245,HDHP,Yes,Yes,No,90,300
E0246,Standard PPO,No,Yes,Yes,180,500
E0247,Standard PPO,Yes,No,No,180,500
E0248,Basic PPO,Yes,Yes,Yes,120,350
E0249,Premium PPO,Yes,No,Yes,260,750
E0250,Standard PPO,Yes,No,Yes,180,500
E0251,Basic PPO,Yes,Yes,Yes,120,350
E0252,Standard PPO,No,Yes,Yes,180,500
E0253,Standard PPO,Yes,No,Yes,180,500
E0254,Basic PPO,No,Yes,Yes,120,350
E0255,HDHP,Yes,Yes,No,90,300
E0256,Standard PPO,Yes,No,No,180,500
E0257,Standard PPO,Yes,Yes,Yes,180,500
E0258,Standard PPO,Yes,No,Yes,180,500
E0259,Basic PPO,Yes,Yes,Yes,120,350
E0260,Basic PPO,No,No,No,120,350
E0261,Standard PPO,Yes,Yes,Yes,180,500
E0262,Premium PPO,Yes,Yes,No,260,750
E0263,Basic PPO,Yes,Yes,No,120,350
E0264,Premium PPO,Yes,No,No,260,750
E0265,Premium PPO,No,Yes,Yes,260,750
E0266,Standard PPO,Yes,No,Yes,180,500
E0267,Standard PPO,Yes,Yes,Yes,180,500
E0268,Basic PPO,Yes,Yes,Yes,120,350
E0269,Basic PPO,Yes,No,Yes,120,350
E0270,Premium PPO,Yes,No,No,260,750
E0271,Basic PPO,No,Yes,No,120,350
E0272,Standard PPO,Yes,No,Yes,180,500
E0273,Standard PPO,Yes,Yes,No,180,500
E0274,Premium PPO,Yes,No,Yes,260,750
E0275,Premium PPO,Yes,Yes,Yes,260,750
E0276,Standard PPO,Yes,No,Yes,180,500
E0277,Standard PPO,Yes,No,Yes,180,500
E0278,Premium PPO,Yes,Yes,Yes,260,750
E0279,Standard PPO,Yes,Yes,Yes,180,500
E0280,Standard PPO,No,Yes,Yes,180,500
E0281,Basic PPO,Yes,Yes,Yes,120,350
E0282,Premium PPO,Yes,No,Yes,260,750
E0283,Premium PPO,Yes,Yes,Yes,260,750
E0284,Standard PPO,Yes,No,No,180,500
E0285,HDHP,Yes,Yes,No,90,300
E0286,Standard PPO,Yes,Yes,Yes,180,500
E0287,Standard PPO,Yes,Yes,Yes,180,500
E0288,Basic PPO,Yes,Yes,Yes,120,350
E0289,Basic PPO,Yes,No,Yes,120,350
E0290,Standard PPO,Yes,Yes,Yes,180,500
E0291,Premium PPO,Yes,Yes,No,260,750
E0292,HDHP,Yes,Yes,Yes,90,300
E0293,Premium PPO,No,No,Yes,260,750
E0294,Standard PPO,Yes,Yes,Yes,180,500
E0295,Premium PPO,Yes,Yes,Yes,260,750
E0296,HDHP,Yes,Yes,No,90,300
E0297,Standard PPO,Yes,No,Yes,180,500
E0298,Premium PPO,Yes,Yes,Yes,260,750
E0299,Standard PPO,Yes,No,No,180,500
E0300,Premium PPO,Yes,No,Yes,260,750
E0301,HDHP,Yes,Yes,Yes,90,300
E0302,Standard PPO,Yes,Yes,No,180,500
E0303,Standard PPO,Yes,Yes,Yes,180,500
E0304,Standard PPO,Yes,Yes,Yes,180,500
E0305,HDHP,Yes,No,No,90,300
E0306,Standard PPO,Yes,Yes,No,180,500
E0307,Standard PPO,Yes,Yes,Yes,180,500
E0308,Standard PPO,Yes,Yes,Yes,180,500
E0309,Standard PPO,No,No,No,180,500
E0310,Standard PPO,No,Yes,Yes,180,500
E0311,Basic PPO,No,Yes,Yes,120,350
E0312,Basic PPO,Yes,No,No,120,350
E0313,Premium PPO,Yes,Yes,Yes,260,750
E0314,Standard PPO,Yes,Yes,Yes,180,500
E0315,HDHP,No,Yes,Yes,90,300
E0316,Standard PPO,Yes,No,Yes,180,500
E0317,Standard PPO,Yes,No,Yes,180,500
E0318,Premium PPO,Yes,Yes,Yes,260,750
E0319,Premium PPO,Yes,Yes,Yes,260,750
E0320,Standard PPO,No,Yes,Yes,180,500
E0321,Standard PPO,Yes,Yes,Yes,180,500
E0322,Basic PPO,Yes,Yes,No,120,350
E0323,Basic PPO,No,Yes,No,120,350
E0324,Standard PPO,Yes,Yes,Yes,180,500
E0325,Premium PPO,Yes,Yes,Yes,260,750
E0326,Standard PPO,Yes,Yes,No,180,500
E0327,Premium PPO,Yes,Yes,Yes,260,750
E0328,Basic PPO,Yes,Yes,Yes,120,350
E0329,HDHP,Yes,Yes,Yes,90,300
E0330,HDHP,Yes,Yes,No,90,300
E0331,Premium PPO,Yes,No,Yes,260,750
E0332,Basic PPO,Yes,Yes,Yes,120,350
E0333,Premium PPO,No,Yes,No,260,750
E0334,Standard PPO,Yes,Yes,Yes,180,500
E0335,Basic PPO,No,Yes,Yes,120,350
E0336,HDHP,No,Yes,Yes,90,300
E0337,Basic PPO,Yes,No,No,120,350
E0338,Basic PPO,No,Yes,No,120,350
E0339,Basic PPO,Yes,Yes,No,120,350
E0340,Standard PPO,No,No,Yes,180,500
E0341,Premium PPO,Yes,Yes,No,260,750
E0342,Standard PPO,No,Yes,Yes,180,500
E0343,HDHP,Yes,No,Yes,90,300
E0344,Basic PPO,Yes,Yes,No,120,350
E0345,Standard PPO,Yes,No,No,180,500
E0346,Premium PPO,Yes,No,Yes,260,750
E0347,Standard PPO,Yes,Yes,No,180,500
E0348,HDHP,Yes,Yes,Yes,90,300
E0349,Basic PPO,Yes,Yes,No,120,350
E0350,Premium PPO,Yes,Yes,Yes,260,750
E0351,Standard PPO,Yes,Yes,No,180,500
E0352,Basic PPO,Yes,Yes,No,120,350
E0353,Standard PPO,Yes,Yes,Yes,180,500
E0354,HDHP,Yes,Yes,No,90,300
E0355,Standard PPO,Yes,Yes,No,180,500
E0356,HDHP,No,Yes,No,90,300
E0357,Standard PPO,No,Yes,Yes,180,500
E0358,Premium PPO,Yes,Yes,Yes,260,750
E0359,Premium PPO,Yes,No,Yes,260,750
E0360,Premium PPO,Yes,Yes,Yes,260,750
E0361,HDHP,Yes,No,No,90,300
E0362,Standard PPO,No,Yes,Yes,180,500
E0363,Standard PPO,Yes,Yes,Yes,180,500
E0364,Standard PPO,Yes,Yes,Yes,180,500
E0365,Basic PPO,Yes,Yes,Yes,120,350
E0366,Standard PPO,Yes,No,Yes,180,500
E0367,Basic PPO,No,Yes,Yes,120,350
E0368,Standard PPO,Yes,No,Yes,180,500
E0369,Standard PPO,Yes,No,No,180,500
E0370,Premium PPO,Yes,No,Yes,260,750
E0371,Basic PPO,Yes,Yes,Yes,120,350
E0372,Standard PPO,No,Yes,Yes,180,500
E0373,Standard PPO,No,No,No,180,500
E0374,Premium PPO,Yes,Yes,Yes,260,750
E0375,Standard PPO,No,Yes,No,180,500
E0376,Basic PPO,Yes,Yes,Yes,120,350
E0377,Premium PPO,No,Yes,No,260,750
E0378,Premium PPO,No,Yes,Yes,260,750
E0379,Basic PPO,Yes,Yes,No,120,350
E0380,Standard PPO,Yes,No,Yes,180,500
E0381,HDHP,Yes,No,Yes,90,300
E0382,Premium PPO,Yes,Yes,Yes,260,750
E0383,HDHP,Yes,No,No,90,300
E0384,Premium PPO,No,Yes,No,260,750
E0385,Premium PPO,Yes,No,Yes,260,750
E0386,Premium PPO,No,No,Yes,260,750
E0387,Standard PPO,Yes,Yes,Yes,180,500
E0388,Premium PPO,No,Yes,Yes,260,750
E0389,Standard PPO,Yes,Yes,Yes,180,500
E0390,Standard PPO,Yes,Yes,Yes,180,500
E0391,Premium PPO,No,Yes,Yes,260,750
E0392,Basic PPO,Yes,No,No,120,350
E0393,Basic PPO,No,Yes,No,120,350
E0394,Standard PPO,Yes,Yes,Yes,180,500
E0395,Premium PPO,No,No,Yes,260,750
E0396,Premium PPO,Yes,No,Yes,260,750
E0397,Premium PPO,Yes,Yes,No,260,750
E0398,Premium PPO,Yes,Yes,Yes,260,750
E0399,HDHP,Yes,Yes,Yes,90,300
E0400,Basic PPO,Yes,Yes,Yes,120,350
E0401,Standard PPO,Yes,Yes,Yes,180,500
E0402,Standard PPO,No,Yes,Yes,180,500
E0403,HDHP,Yes,No,Yes,90,300
E0404,Premium PPO,Yes,No,No,260,750
E0405,Basic PPO,Yes,Yes,Yes,120,350
E0406,Basic PPO,Yes,No,No,120,350
E0407,Premium PPO,Yes,No,No,260,750
E0408,Standard PPO,Yes,Yes,Yes,180,500
E0409,Basic PPO,Yes,Yes,No,120,350
E0410,Basic PPO,Yes,No,Yes,120,350
E0411,Premium PPO,Yes,Yes,No,260,750
E0412,Basic PPO,Yes,Yes,Yes,120,350
E0413,Premium PPO,No,Yes,Yes,260,750
E0414,Basic PPO,No,Yes,Yes,120,350
E0415,Premium PPO,Yes,Yes,Yes,260,750
E0416,HDHP,Yes,Yes,Yes,90,300
E0417,Basic PPO,Yes,Yes,Yes,120,350
E0418,Standard PPO,No,No,No,180,500
E0419,HDHP,No,Yes,No,90,300
E0420,Standard PPO,Yes,No,Yes,180,500
E0421,Standard PPO,No,Yes,Yes,180,500
E0422,Basic PPO,Yes,No,No,120,350
E0423,Standard PPO,Yes,No,No,180,500
E0424,Standard PPO,Yes,Yes,Yes,180,500
E0425,Standard PPO,Yes,Yes,Yes,180,500
E0426,Standard PPO,No,Yes,Yes,180,500
E0427,Standard PPO,No,No,Yes,180,500
E0428,Basic PPO,Yes,Yes,No,120,350
E0429,Standard PPO,No,Yes,Yes,180,500
E0430,Premium PPO,Yes,Yes,No,260,750
E0431,HDHP,Yes,Yes,Yes,90,300
E0432,Standard PPO,No,No,No,180,500
E0433,Premium PPO,Yes,Yes,Yes,260,750
E0434,Premium PPO,Yes,Yes,Yes,260,750
E0435,Standard PPO,Yes,Yes,Yes,180,500
E0436,Standard PPO,Yes,Yes,Yes,180,500
E0437,Premium PPO,Yes,Yes,Yes,260,750
E0438,Basic PPO,Yes,Yes,Yes,120,350
E0439,Standard PPO,No,Yes,Yes,180,500
E0440,Basic PPO,Yes,Yes,Yes,120,350
E0441,Standard PPO,Yes,Yes,Yes,180,500
E0442,Basic PPO,Yes,Yes,Yes,120,350
E0443,Premium PPO,Yes,Yes,Yes,260,750
E0444,Standard PPO,Yes,No,Yes,180,500
E0445,Standard PPO,No,Yes,Yes,180,500
E0446,Basic PPO,Yes,Yes,No,120,350
E0447,Premium PPO,No,Yes,Yes,260,750
E0448,Standard PPO,No,Yes,No,180,500
E0449,Standard PPO,Yes,Yes,Yes,180,500
E0450,HDHP,Yes,Yes,Yes,90,300
E0451,Premium PPO,Yes,No,No,260,750
E0452,Standard PPO,No,Yes,No,180,500
E0453,Basic PPO,No,Yes,No,120,350
E0454,HDHP,No,Yes,Yes,90,300
E0455,Standard PPO,Yes,Yes,No,180,500
E0456,Basic PPO,Yes,Yes,Yes,120,350
E0457,Basic PPO,Yes,Yes,No,120,350
E0458,HDHP,Yes,No,Yes,90,300
E0459,Standard PPO,Yes,No,No,180,500
E0460,Premium PPO,Yes,Yes,Yes,260,750
E0461,Basic PPO,Yes,Yes,Yes,120,350
E0462,Basic PPO,Yes,Yes,No,120,350
E0463,Premium PPO,Yes,Yes,No,260,750
E0464,HDHP,No,Yes,Yes,90,300
E0465,Standard PPO,No,Yes,No,180,500
E0466,Basic PPO,Yes,Yes,Yes,120,350
E0467,Standard PPO,Yes,No,No,180,500
E0468,Basic PPO,Yes,Yes,No,120,350
E0469,HDHP,Yes,Yes,Yes,90,300
E0470,Standard PPO,Yes,Yes,Yes,180,500
E0471,Standard PPO,No,Yes,Yes,180,500
E0472,HDHP,Yes,Yes,Yes,90,300
E0473,Basic PPO,Yes,Yes,Yes,120,350
E0474,Basic PPO,Yes,Yes,Yes,120,350
E0475,Premium PPO,Yes,Yes,Yes,260,750
E0476,Basic PPO,Yes,Yes,No,120,350
E0477,Premium PPO,Yes,Yes,Yes,260,750
E0478,Basic PPO,Yes,Yes,Yes,120,350
E0479,Basic PPO,No,Yes,No,120,350
E0480,HDHP,Yes,Yes,Yes,90,300
E0481,Standard PPO,Yes,Yes,No,180,500
E0482,Basic PPO,Yes,Yes,No,120,350
E0483,Basic PPO,Yes,Yes,Yes,120,350
E0484,Basic PPO,No,Yes,Yes,120,350
E0485,Basic PPO,No,Yes,Yes,120,350
E0486,Standard PPO,No,Yes,Yes,180,500
E0487,Premium PPO,Yes,No,Yes,260,750
E0488,Standard PPO,Yes,Yes,No,180,500
E0489,Standard PPO,Yes,Yes,No,180,500
E0490,Standard PPO,Yes,Yes,Yes,180,500
E0491,Standard PPO,Yes,Yes,No,180,500
E0492,Premium PPO,Yes,No,No,260,750
E0493,Standard PPO,Yes,Yes,Yes,180,500
E0494,Standard PPO,No,Yes,No,180,500
E0495,Basic PPO,No,Yes,Yes,120,350
E0496,Standard PPO,Yes,No,Yes,180,500
E0497,Premium PPO,Yes,Yes,No,260,750
E0498,Premium PPO,No,Yes,Yes,260,750
E0499,Standard PPO,Yes,Yes,Yes,180,500
E0500,Basic PPO,Yes,No,Yes,120,350
E0501,Basic PPO,No,Yes,Yes,120,350
E0502,Basic PPO,Yes,No,Yes,120,350
E0503,Basic PPO,No,Yes,Yes,120,350
E0504,Premium PPO,Yes,Yes,Yes,260,750
E0505,Basic PPO,Yes,No,Yes,120,350
E0506,Basic PPO,Yes,Yes,Yes,120,350
E0507,Basic PPO,Yes,Yes,Yes,120,350
E0508,Standard PPO,Yes,Yes,Yes,180,500
E0509,Standard PPO,Yes,Yes,Yes,180,500
E0510,Basic PPO,Yes,No,No,120,350
E0511,Standard PPO,No,No,No,180,500
E0512,Standard PPO,No,Yes,Yes,180,500
E0513,Premium PPO,No,Yes,Yes,260,750
E0514,Basic PPO,Yes,Yes,Yes,120,350
E0515,Premium PPO,Yes,Yes,Yes,260,750
E0516,Standard PPO,Yes,No,No,180,500
E0517,Basic PPO,Yes,Yes,No,120,350
E0518,Basic PPO,No,Yes,Yes,120,350
E0519,HDHP,Yes,No,Yes,90,300
E0520,Premium PPO,Yes,No,Yes,260,750
E0521,Standard PPO,Yes,Yes,Yes,180,500
E0522,Basic PPO,Yes,Yes,No,120,350
E0523,Standard PPO,Yes,Yes,Yes,180,500
E0524,Standard PPO,No,No,No,180,500
E0525,Basic PPO,Yes,Yes,No,120,350
E0526,Premium PPO,Yes,Yes,Yes,260,750
E0527,Premium PPO,Yes,No,Yes,260,750
E0528,HDHP,No,Yes,No,90,300
E0529,Premium PPO,Yes,No,Yes,260,750
E0530,Standard PPO,Yes,Yes,No,180,500
E0531,Standard PPO,Yes,Yes,Yes,180,500
E0532,Standard PPO,Yes,No,Yes,180,500
E0533,Premium PPO,Yes,No,Yes,260,750
E0534,Standard PPO,No,Yes,No,180,500
E0535,Premium PPO,Yes,Yes,No,260,750
E0536,Basic PPO,No,Yes,No,120,350
E0537,Standard PPO,Yes,Yes,No,180,500
E0538,Basic PPO,Yes,Yes,No,120,350
E0539,Standard PPO,Yes,Yes,Yes,180,500
E0540,Basic PPO,Yes,Yes,Yes,120,350
E0541,Basic PPO,Yes,No,No,120,350
E0542,Basic PPO,Yes,Yes,Yes,120,350
E0543,Premium PPO,Yes,Yes,No,260,750
E0544,Basic PPO,Yes,No,No,120,350
E0545,Standard PPO,Yes,Yes,No,180,500
E0546,Standard PPO,Yes,Yes,Yes,180,500
E0547,Premium PPO,Yes,No,Yes,260,750
E0548,Premium PPO,Yes,No,No,260,750
E0549,Standard PPO,Yes,No,Yes,180,500
E0550,Basic PPO,Yes,No,No,120,350
E0551,Standard PPO,Yes,Yes,Yes,180,500
E0552,Standard PPO,Yes,Yes,Yes,180,500
E0553,Standard PPO,Yes,No,Yes,180,500
E0554,Basic PPO,Yes,Yes,No,120,350
E0555,Premium PPO,Yes,Yes,Yes,260,750
E0556,Standard PPO,Yes,Yes,No,180,500
E0557,Premium PPO,No,Yes,Yes,260,750
E0558,Premium PPO,Yes,No,Yes,260,750
E0559,HDHP,Yes,Yes,Yes,90,300
E0560,Basic PPO,No,Yes,No,120,350
E0561,HDHP,No,No,No,90,300
E0562,Basic PPO,No,Yes,Yes,120,350
E0563,Basic PPO,Yes,Yes,Yes,120,350
E0564,Standard PPO,Yes,Yes,Yes,180,500
E0565,Standard PPO,Yes,Yes,No,180,500
E0566,Premium PPO,Yes,Yes,No,260,750
E0567,Standard PPO,No,Yes,No,180,500
E0568,Basic PPO,Yes,No,Yes,120,350
E0569,Standard PPO,Yes,No,No,180,500
E0570,Standard PPO,Yes,No,Yes,180,500
E0571,Premium PPO,Yes,Yes,No,260,750
E0572,Standard PPO,Yes,No,Yes,180,500
E0573,Basic PPO,Yes,Yes,Yes,120,350
E0574,Standard PPO,Yes,No,Yes,180,500
E0575,Standard PPO,Yes,Yes,No,180,500
E0576,Basic PPO,Yes,No,No,120,350
E0577,Basic PPO,Yes,Yes,Yes,120,350
E0578,Standard PPO,Yes,No,Yes,180,500
E0579,Standard PPO,Yes,No,No,180,500
E0580,Standard PPO,Yes,No,No,180,500
E0581,Basic PPO,Yes,Yes,Yes,120,350
E0582,Basic PPO,Yes,Yes,Yes,120,350
E0583,Basic PPO,Yes,No,Yes,120,350
E0584,Standard PPO,Yes,No,No,180,500
E0585,Standard PPO,Yes,Yes,Yes,180,500
E0586,Basic PPO,Yes,Yes,No,120,350
E0587,Premium PPO,Yes,No,Yes,260,750
E0588,Standard PPO,Yes,Yes,Yes,180,500
E0589,HDHP,Yes,Yes,No,90,300
E0590,Premium PPO,Yes,No,Yes,260,750
E0591,Premium PPO,No,Yes,Yes,260,750
E0592,Standard PPO,Yes,Yes,No,180,500
E0593,Premium PPO,Yes,No,Yes,260,750
E0594,Standard PPO,Yes,Yes,No,180,500
E0595,Premium PPO,No,Yes,Yes,260,750
E0596,Standard PPO,Yes,Yes,No,180,500
E0597,Standard PPO,Yes,Yes,No,180,500
E0598,Premium PPO,No,No,Yes,260,750
E0599,HDHP,Yes,Yes,No,90,300
E0600,Standard PPO,Yes,Yes,No,180,500
E0601,Standard PPO,No,No,No,180,500
E0602,Standard PPO,Yes,Yes,Yes,180,500
E0603,Basic PPO,Yes,No,Yes,120,350
E0604,Basic PPO,Yes,Yes,Yes,120,350
E0605,Standard PPO,Yes,Yes,Yes,180,500
E0606,Premium PPO,Yes,No,Yes,260,750
E0607,Basic PPO,Yes,Yes,Yes,120,350
E0608,Standard PPO,Yes,Yes,Yes,180,500
E0609,Standard PPO,No,Yes,Yes,180,500
E0610,Standard PPO,Yes,Yes,No,180,500
E0611,Premium PPO,Yes,Yes,Yes,260,750
E0612,Standard PPO,Yes,Yes,Yes,180,500
E0613,Standard PPO,Yes,No,Yes,180,500
E0614,Standard PPO,No,No,Yes,180,500
E0615,Premium PPO,Yes,Yes,Yes,260,750
E0616,Premium PPO,Yes,Yes,Yes,260,750
E0617,Premium PPO,No,Yes,No,260,750
E0618,Basic PPO,Yes,No,No,120,350
E0619,Premium PPO,Yes,Yes,No,260,750
E0620,Basic PPO,Yes,Yes,Yes,120,350
E0621,Standard PPO,Yes,Yes,Yes,180,500
E0622,Standard PPO,Yes,Yes,No,180,500
E0623,Premium PPO,No,No,No,260,750
E0624,HDHP,Yes,Yes,Yes,90,300
E0625,Premium PPO,No,Yes,Yes,260,750
E0626,Premium PPO,Yes,Yes,Yes,260,750
E0627,Premium PPO,Yes,Yes,No,260,750
E0628,Standard PPO,No,No,Yes,180,500
E0629,HDHP,Yes,Yes,No,90,300
E0630,Premium PPO,Yes,Yes,Yes,260,750
E0631,HDHP,Yes,No,Yes,90,300
E0632,Premium PPO,Yes,Yes,Yes,260,750
E0633,Basic PPO,Yes,No,No,120,350
E0634,Basic PPO,No,Yes,No,120,350
E0635,Premium PPO,No,Yes,No,260,750
E0636,Premium PPO,Yes,No,Yes,260,750
E0637,HDHP,No,Yes,Yes,90,300
E0638,Standard PPO,No,No,No,180,500
E0639,Standard PPO,No,No,No,180,500
E0640,Standard PPO,Yes,Yes,Yes,180,500
E0641,Premium PPO,Yes,Yes,Yes,260,750
E0642,Standard PPO,Yes,Yes,Yes,180,500
E0643,Basic PPO,Yes,Yes,Yes,120,350
E0644,Premium PPO,Yes,Yes,Yes,260,750
E0645,Basic PPO,Yes,Yes,No,120,350
E0646,Basic PPO,Yes,Yes,No,120,350
E0647,Basic PPO,Yes,Yes,Yes,120,350
E0648,Premium PPO,Yes,Yes,Yes,260,750
E0649,Basic PPO,No,Yes,Yes,120,350
E0650,Standard PPO,No,Yes,Yes,180,500
E0651,Premium PPO,No,Yes,Yes,260,750
E0652,HDHP,Yes,Yes,No,90,300
E0653,Standard PPO,Yes,No,Yes,180,500
E0654,Standard PPO,Yes,Yes,Yes,180,500
E0655,Premium PPO,No,Yes,Yes,260,750
E0656,HDHP,Yes,No,No,90,300
E0657,Basic PPO,Yes,Yes,No,120,350
E0658,Standard PPO,Yes,No,Yes,180,500
E0659,Standard PPO,Yes,No,Yes,180,500
E0660,Basic PPO,Yes,Yes,Yes,120,350
E0661,Standard PPO,Yes,Yes,No,180,500
E0662,Basic PPO,Yes,No,Yes,120,350
E0663,Standard PPO,Yes,No,No,180,500
E0664,Basic PPO,Yes,Yes,Yes,120,350
E0665,Basic PPO,Yes,Yes,Yes,120,350
E0666,Standard PPO,Yes,No,Yes,180,500
E0667,Basic PPO,Yes,No,No,120,350
E0668,Basic PPO,Yes,No,Yes,120,350
E0669,Standard PPO,Yes,No,Yes,180,500
E0670,Standard PPO,Yes,Yes,No,180,500
E0671,Standard PPO,No,No,Yes,180,500
E0672,Premium PPO,Yes,Yes,Yes,260,750
E0673,Basic PPO,No,No,Yes,120,350
E0674,Standard PPO,Yes,No,Yes,180,500
E0675,Basic PPO,Yes,Yes,No,120,350
E0676,Basic PPO,Yes,Yes,No,120,350
E0677,Premium PPO,Yes,No,Yes,260,750
E0678,Standard PPO,No,No,Yes,180,500
E0679,HDHP,Yes,Yes,Yes,90,300
E0680,HDHP,Yes,No,Yes,90,300
E0681,Basic PPO,Yes,No,Yes,120,350
E0682,Basic PPO,Yes,Yes,Yes,120,350
E0683,Standard PPO,Yes,Yes,Yes,180,500
E0684,Standard PPO,No,Yes,No,180,500
E0685,Standard PPO,Yes,No,No,180,500
E0686,Standard PPO,Yes,Yes,Yes,180,500
E0687,Premium PPO,No,Yes,Yes,260,750
E0688,Premium PPO,Yes,Yes,Yes,260,750
E0689,Premium PPO,Yes,Yes,Yes,260,750
E0690,Standard PPO,Yes,Yes,Yes,180,500
E0691,Premium PPO,Yes,No,No,260,750
E0692,HDHP,Yes,Yes,Yes,90,300
E0693,Standard PPO,Yes,No,Yes,180,500
E0694,Standard PPO,No,Yes,No,180,500
E0695,Standard PPO,Yes,Yes,Yes,180,500
E0696,Standard PPO,No,Yes,No,180,500
E0697,Basic PPO,Yes,Yes,Yes,120,350
E0698,Premium PPO,No,Yes,No,260,750
E0699,HDHP,Yes,Yes,No,90,300
E0700,HDHP,No,Yes,No,90,300
E0701,Standard PPO,Yes,No,No,180,500
E0702,Standard PPO,Yes,Yes,Yes,180,500
E0703,Premium PPO,No,Yes,No,260,750
E0704,Standard PPO,Yes,Yes,Yes,180,500
E0705,Standard PPO,Yes,Yes,Yes,180,500
E0706,HDHP,Yes,No,Yes,90,300
E0707,Basic PPO,Yes,Yes,Yes,120,350
E0708,Basic PPO,Yes,No,Yes,120,350
E0709,Standard PPO,Yes,Yes,Yes,180,500
E0710,HDHP,Yes,Yes,Yes,90,300
E0711,Standard PPO,Yes,Yes,Yes,180,500
E0712,Standard PPO,No,Yes,Yes,180,500
E0713,Premium PPO,Yes,Yes,No,260,750
E0714,HDHP,Yes,No,Yes,90,300
E0715,Basic PPO,No,No,No,120,350
E0716,Standard PPO,No,Yes,No,180,500
E0717,Basic PPO,Yes,Yes,Yes,120,350
E0718,Premium PPO,Yes,No,No,260,750
E0719,Premium PPO,Yes,No,No,260,750
E0720,Standard PPO,No,Yes,Yes,180,500
E0721,Basic PPO,No,Yes,Yes,120,350
E0722,Standard PPO,Yes,No,No,180,500
E0723,Premium PPO,Yes,Yes,Yes,260,750
E0724,Premium PPO,Yes,No,No,260,750
E0725,Basic PPO,Yes,Yes,Yes,120,350
E0726,Standard PPO,No,No,Yes,180,500
E0727,Standard PPO,Yes,Yes,Yes,180,500
E0728,Premium PPO,No,No,No,260,750
E0729,Standard PPO,No,Yes,No,180,500
E0730,HDHP,No,Yes,Yes,90,300
E0731,Basic PPO,Yes,Yes,Yes,120,350
E0732,Standard PPO,Yes,Yes,Yes,180,500
E0733,Standard PPO,Yes,Yes,Yes,180,500
E0734,Premium PPO,Yes,No,Yes,260,750
E0735,Basic PPO,No,Yes,Yes,120,350
E0736,Standard PPO,Yes,Yes,No,180,500
E0737,HDHP,Yes,Yes,No,90,300
E0738,Standard PPO,No,No,Yes,180,500
E0739,Standard PPO,Yes,No,Yes,180,500
E0740,Premium PPO,Yes,Yes,Yes,260,750
E0741,Standard PPO,Yes,No,Yes,180,500
E0742,Standard PPO,Yes,No,No,180,500
E0743,Standard PPO,Yes,No,Yes,180,500
E0744,Premium PPO,Yes,Yes,Yes,260,750
E0745,HDHP,No,No,Yes,90,300
E0746,Premium PPO,No,Yes,Yes,260,750
E0747,Premium PPO,Yes,Yes,Yes,260,750
E0748,Standard PPO,No,Yes,Yes,180,500
E0749,Premium PPO,Yes,Yes,Yes,260,750
E0750,Standard PPO,Yes,Yes,Yes,180,500
E0751,Basic PPO,Yes,Yes,Yes,120,350
E0752,Premium PPO,No,Yes,Yes,260,750
E0753,Standard PPO,Yes,No,Yes,180,500
E0754,Basic PPO,Yes,Yes,Yes,120,350
E0755,HDHP,Yes,Yes,Yes,90,300
E0756,HDHP,No,Yes,Yes,90,300
E0757,Basic PPO,Yes,Yes,No,120,350
E0758,HDHP,Yes,Yes,No,90,300
E0759,Premium PPO,No,No,Yes,260,750
E0760,Premium PPO,Yes,Yes,Yes,260,750
E0761,Premium PPO,No,Yes,Yes,260,750
E0762,Basic PPO,No,Yes,Yes,120,350
E0763,Standard PPO,Yes,Yes,Yes,180,500
E0764,Premium PPO,Yes,Yes,Yes,260,750
E0765,Standard PPO,Yes,No,Yes,180,500
E0766,Premium PPO,Yes,Yes,No,260,750
E0767,Standard PPO,No,Yes,No,180,500
E0768,Standard PPO,Yes,Yes,Yes,180,500
E0769,Standard PPO,Yes,No,No,180,500
E0770,Premium PPO,Yes,Yes,Yes,260,750
E0771,Standard PPO,Yes,Yes,Yes,180,500
E0772,Basic PPO,No,Yes,Yes,120,350
E0773,HDHP,Yes,Yes,Yes,90,300
E0774,HDHP,No,Yes,No,90,300
E0775,Standard PPO,Yes,No,Yes,180,500
E0776,Standard PPO,Yes,Yes,No,180,500
E0777,Standard PPO,Yes,No,Yes,180,500
E0778,HDHP,Yes,Yes,Yes,90,300
E0779,Standard PPO,Yes,Yes,No,180,500
E0780,Standard PPO,Yes,Yes,Yes,180,500
E0781,Basic PPO,Yes,No,Yes,120,350
E0782,Standard PPO,Yes,Yes,Yes,180,500
E0783,Standard PPO,Yes,Yes,No,180,500
E0784,Standard PPO,Yes,No,Yes,180,500
E0785,HDHP,No,Yes,Yes,90,300
E0786,Basic PPO,Yes,Yes,Yes,120,350
E0787,Basic PPO,No,Yes,No,120,350
E0788,Standard PPO,Yes,No,Yes,180,500
E0789,Premium PPO,No,Yes,Yes,260,750
E0790,Basic PPO,No,No,Yes,120,350
E0791,Standard PPO,Yes,Yes,Yes,180,500
E0792,Basic PPO,Yes,No,Yes,120,350
E0793,Standard PPO,Yes,Yes,Yes,180,500
E0794,Standard PPO,Yes,No,Yes,180,500
E0795,Basic PPO,No,Yes,No,120,350
E0796,HDHP,No,Yes,Yes,90,300
E0797,Premium PPO,Yes,Yes,Yes,260,750
E0798,Standard PPO,No,Yes,Yes,180,500
E0799,Premium PPO,No,No,Yes,260,750
E0800,HDHP,Yes,Yes,Yes,90,300
E0801,Standard PPO,Yes,No,Yes,180,500
E0802,HDHP,Yes,No,No,90,300
E0803,Standard PPO,Yes,No,Yes,180,500
E0804,Basic PPO,No,Yes,Yes,120,350
E0805,Premium PPO,Yes,Yes,Yes,260,750
E0806,Basic PPO,Yes,Yes,Yes,120,350
E0807,HDHP,No,Yes,Yes,90,300
E0808,Premium PPO,Yes,Yes,Yes,260,750
E0809,Standard PPO,No,Yes,Yes,180,500
E0810,HDHP,No,No,Yes,90,300
E0811,Premium PPO,Yes,Yes,Yes,260,750
E0812,Basic PPO,No,Yes,No,120,350
E0813,Standard PPO,Yes,Yes,Yes,180,500
E0814,Standard PPO,No,Yes,Yes,180,500
E0815,Premium PPO,Yes,No,Yes,260,750
E0816,Standard PPO,Yes,Yes,Yes,180,500
E0817,Standard PPO,Yes,Yes,Yes,180,500
E0818,Premium PPO,Yes,Yes,Yes,260,750
E0819,Premium PPO,Yes,No,Yes,260,750
E0820,HDHP,Yes,Yes,Yes,90,300
E0821,HDHP,Yes,No,Yes,90,300
E0822,Basic PPO,Yes,Yes,Yes,120,350
E0823,Basic PPO,Yes,Yes,Yes,120,350
E0824,Standard PPO,Yes,Yes,No,180,500
E0825,Standard PPO,Yes,Yes,No,180,500
E0826,Premium PPO,Yes,Yes,Yes,260,750
E0827,Standard PPO,Yes,Yes,Yes,180,500
E0828,Basic PPO,Yes,Yes,No,120,350
E0829,Basic PPO,Yes,Yes,Yes,120,350
E0830,Premium PPO,No,Yes,No,260,750
E0831,Premium PPO,Yes,No,No,260,750
E0832,Standard PPO,No,No,No,180,500
E0833,Basic PPO,Yes,No,Yes,120,350
E0834,Standard PPO,No,Yes,Yes,180,500
E0835,Standard PPO,Yes,Yes,No,180,500
E0836,Basic PPO,No,No,No,120,350
E0837,Standard PPO,No,No,No,180,500
E0838,Standard PPO,Yes,Yes,Yes,180,500
E0839,Standard PPO,Yes,Yes,No,180,500
E0840,Basic PPO,No,Yes,Yes,120,350
E0841,Standard PPO,Yes,No,No,180,500
E0842,Standard PPO,No,Yes,Yes,180,500
E0843,Standard PPO,Yes,Yes,No,180,500
E0844,Premium PPO,Yes,No,Yes,260,750
E0845,Standard PPO,Yes,Yes,Yes,180,500
E0846,Premium PPO,Yes,No,Yes,260,750
E0847,HDHP,Yes,No,No,90,300
E0848,Standard PPO,Yes,Yes,Yes,180,500
E0849,Basic PPO,No,Yes,Yes,120,350
E0850,Premium PPO,Yes,Yes,Yes,260,750
E0851,Premium PPO,Yes,Yes,Yes,260,750
E0852,Basic PPO,Yes,Yes,Yes,120,350
E0853,Standard PPO,Yes,Yes,Yes,180,500
E0854,Standard PPO,Yes,Yes,Yes,180,500
E0855,Premium PPO,Yes,No,Yes,260,750
E0856,Standard PPO,No,No,Yes,180,500
E0857,Premium PPO,Yes,No,Yes,260,750
E0858,HDHP,Yes,Yes,No,90,300
E0859,Premium PPO,Yes,Yes,No,260,750
E0860,Standard PPO,No,Yes,No,180,500
E0861,HDHP,Yes,No,Yes,90,300
E0862,Standard PPO,Yes,No,Yes,180,500
E0863,Standard PPO,No,Yes,Yes,180,500
E0864,Premium PPO,Yes,Yes,No,260,750
E0865,Standard PPO,Yes,Yes,No,180,500
E0866,Standard PPO,Yes,Yes,No,180,500
E0867,Premium PPO,Yes,No,Yes,260,750
E0868,Basic PPO,Yes,No,Yes,120,350
E0869,Standard PPO,Yes,No,Yes,180,500
E0870,Standard PPO,No,No,Yes,180,500
E0871,Premium PPO,Yes,Yes,Yes,260,750
E0872,Premium PPO,Yes,Yes,No,260,750
E0873,Standard PPO,Yes,Yes,Yes,180,500
E0874,Premium PPO,Yes,No,Yes,260,750
E0875,Basic PPO,Yes,No,No,120,350
E0876,Basic PPO,Yes,Yes,Yes,120,350
E0877,Standard PPO,Yes,Yes,Yes,180,500
E0878,Standard PPO,Yes,Yes,No,180,500
E0879,Premium PPO,No,No,Yes,260,750
E0880,Basic PPO,No,Yes,Yes,120,350
E0881,Basic PPO,Yes,No,Yes,120,350
E0882,Premium PPO,Yes,Yes,Yes,260,750
E0883,Standard PPO,Yes,Yes,Yes,180,500
E0884,Basic PPO,Yes,No,Yes,120,350
E0885,Standard PPO,Yes,Yes,Yes,180,500
E0886,Standard PPO,Yes,Yes,Yes,180,500
E0887,Standard PPO,Yes,No,Yes,180,500
E0888,Basic PPO,Yes,Yes,Yes,120,350
E0889,Basic PPO,No,No,Yes,120,350
E0890,Premium PPO,Yes,Yes,No,260,750
E0891,Basic PPO,No,No,No,120,350
E0892,Standard PPO,Yes,Yes,Yes,180,500
E0893,Basic PPO,Yes,No,Yes,120,350
E0894,Basic PPO,Yes,Yes,No,120,350
E0895,Basic PPO,Yes,No,Yes,120,350
E0896,Premium PPO,Yes,Yes,No,260,750
E0897,Standard PPO,Yes,Yes,Yes,180,500
E0898,Basic PPO,Yes,Yes,Yes,120,350
E0899,HDHP,Yes,No,Yes,90,300
E0900,Premium PPO,Yes,No,No,260,750
E0901,Standard PPO,Yes,Yes,No,180,500
E0902,Standard PPO,Yes,Yes,No,180,500
E0903,Standard PPO,Yes,Yes,No,180,500
E0904,Premium PPO,Yes,Yes,Yes,260,750
E0905,Standard PPO,No,Yes,Yes,180,500
E0906,Basic PPO,Yes,Yes,No,120,350
E0907,Premium PPO,Yes,Yes,Yes,260,750
E0908,Premium PPO,No,Yes,No,260,750
E0909,Basic PPO,Yes,No,Yes,120,350
E0910,Basic PPO,Yes,Yes,Yes,120,350
E0911,Premium PPO,Yes,No,Yes,260,750
E0912,Basic PPO,No,Yes,Yes,120,350
E0913,Basic PPO,Yes,No,Yes,120,350
E0914,Standard PPO,No,No,Yes,180,500
E0915,HDHP,Yes,No,No,90,300
E0916,Standard PPO,Yes,Yes,Yes,180,500
E0917,Basic PPO,Yes,No,Yes,120,350
E0918,Premium PPO,Yes,No,Yes,260,750
E0919,Basic PPO,Yes,No,No,120,350
E0920,HDHP,Yes,No,Yes,90,300
E0921,Basic PPO,Yes,No,No,120,350
E0922,Standard PPO,Yes,Yes,No,180,500
E0923,Basic PPO,No,Yes,No,120,350
E0924,Premium PPO,Yes,Yes,No,260,750
E0925,Standard PPO,Yes,Yes,Yes,180,500
E0926,Premium PPO,No,No,Yes,260,750
E0927,Standard PPO,Yes,Yes,Yes,180,500
E0928,HDHP,Yes,Yes,No,90,300
E0929,HDHP,No,No,Yes,90,300
E0930,HDHP,No,Yes,No,90,300
E0931,Standard PPO,No,Yes,Yes,180,500
E0932,Standard PPO,No,Yes,No,180,500
E0933,Basic PPO,No,Yes,No,120,350
E0934,Standard PPO,No,Yes,No,180,500
E0935,Standard PPO,No,No,Yes,180,500
E0936,Standard PPO,Yes,Yes,Yes,180,500
E0937,Premium PPO,Yes,No,Yes,260,750
E0938,Standard PPO,Yes,No,Yes,180,500
E0939,Premium PPO,No,Yes,Yes,260,750
E0940,Basic PPO,Yes,No,Yes,120,350
E0941,Basic PPO,Yes,No,Yes,120,350
E0942,Standard PPO,Yes,Yes,Yes,180,500
E0943,Premium PPO,Yes,Yes,No,260,750
E0944,Standard PPO,Yes,Yes,Yes,180,500
E0945,Basic PPO,No,No,Yes,120,350
E0946,Premium PPO,Yes,Yes,Yes,260,750
E0947,Basic PPO,Yes,No,Yes,120,350
E0948,Standard PPO,No,Yes,Yes,180,500
E0949,HDHP,Yes,Yes,Yes,90,300
E0950,Standard PPO,Yes,Yes,Yes,180,500
E0951,Premium PPO,No,Yes,Yes,260,750
E0952,Premium PPO,Yes,No,Yes,260,750
E0953,Basic PPO,Yes,No,Yes,120,350
E0954,Basic PPO,Yes,Yes,Yes,120,350
E0955,Premium PPO,Yes,Yes,Yes,260,750
E0956,Standard PPO,No,Yes,No,180,500
E0957,Premium PPO,Yes,Yes,Yes,260,750
E0958,Premium PPO,Yes,Yes,No,260,750
E0959,Standard PPO,Yes,Yes,Yes,180,500
E0960,Standard PPO,Yes,No,Yes,180,500
E0961,Premium PPO,No,Yes,No,260,750
E0962,HDHP,Yes,Yes,No,90,300
E0963,Premium PPO,Yes,Yes,No,260,750
E0964,Basic PPO,No,No,Yes,120,350
E0965,Premium PPO,Yes,Yes,No,260,750
E0966,Basic PPO,Yes,No,Yes,120,350
E0967,Premium PPO,No,Yes,Yes,260,750
E0968,Basic PPO,No,Yes,Yes,120,350
E0969,Basic PPO,No,Yes,Yes,120,350
E0970,Standard PPO,No,Yes,No,180,500
E0971,Basic PPO,Yes,Yes,Yes,120,350
E0972,Standard PPO,Yes,Yes,No,180,500
E0973,HDHP,Yes,Yes,Yes,90,300
E0974,Premium PPO,Yes,Yes,Yes,260,750
E0975,Premium PPO,Yes,Yes,Yes,260,750
E0976,Premium PPO,Yes,Yes,Yes,260,750
E0977,Standard PPO,Yes,Yes,Yes,180,500
E0978,Standard PPO,Yes,No,Yes,180,500
E0979,Standard PPO,Yes,Yes,Yes,180,500
E0980,Premium PPO,Yes,Yes,Yes,260,750
E0981,Basic PPO,Yes,No,Yes,120,350
E0982,Standard PPO,Yes,Yes,Yes,180,500
E0983,Basic PPO,No,No,No,120,350
E0984,HDHP,Yes,No,Yes,90,300
E0985,Basic PPO,No,Yes,Yes,120,350
E0986,Premium PPO,Yes,Yes,Yes,260,750
E0987,Premium PPO,No,Yes,Yes,260,750
E0988,Standard PPO,Yes,Yes,Yes,180,500
E0989,Standard PPO,No,No,No,180,500
E0990,Basic PPO,No,No,No,120,350
E0991,Premium PPO,Yes,Yes,No,260,750
E0992,Basic PPO,Yes,Yes,No,120,350
E0993,Premium PPO,Yes,Yes,Yes,260,750
E0994,Premium PPO,Yes,Yes,Yes,260,750
E0995,HDHP,Yes,No,Yes,90,300
E0996,Standard PPO,Yes,Yes,Yes,180,500
E0997,Premium PPO,Yes,No,Yes,260,750
E0998,Premium PPO,Yes,Yes,No,260,750
E0999,Basic PPO,Yes,Yes,No,120,350
E1000,Standard PPO,Yes,Yes,Yes,180,500
